line_cd,company_cd,line_name,line_name_k,line_name_h,line_name_r,line_name_zh,line_name_ko,line_color_c,line_color_t,line_type,line_symbol_primary,line_symbol_secondary,line_symbol_extra,line_symbol_primary_color,line_symbol_secondary_color,line_symbol_extra_color,line_symbol_primary_shape,line_symbol_secondary_shape,line_symbol_extra_shape,lon,lat,zoom,e_status,e_sort
1001,3,中央新幹線,チュウオウシンカンセン,中央新幹線,Chuo Shinkansen,中央新干线,주오 신칸센,000000,無し,1,,,,,,,NOOP,,,137.4938965,35.41143805,8,1,1001
1002,3,東海道新幹線,トウカイドウシンカンセン,東海道新幹線,Tokaido Shinkansen,东海道新干线,도카이도 신칸센,0000FF,ブルー,1,,,,,,,NOOP,,,137.7214887,35.14412194,7,0,1002
1003,4,山陽新幹線,サンヨウシンカンセン,山陽新幹線,Sanyo Shinkansen,山阳新干线,산요 신칸센,0000FF,ブルー,1,,,,,,,NOOP,,,133.1478961,34.4193377,7,0,1003
1004,2,東北新幹線,トウホクシンカンセン,東北新幹線,Tōhoku Shinkansen,东北新干线,도호쿠 신칸센,008000,グリーン,1,,,,,,,NOOP,,,140.7631922,38.27426694,7,0,1004
1005,2,上越新幹線,ジョウエツシンカンセン,上越新幹線,Joetsu Shinkansen,上越新干线,조에쓰 신칸센,008000,グリーン,1,,,,,,,NOOP,,,139.121488,36.79856473,8,0,1005
1006,2,上越新幹線(ガーラ湯沢支線),ジョウエツシンカンセン,上越新幹線(ガーラ湯沢支線),Joetsu Shinkansen(Gala Yuzawa Branch),上越新干线(支线),조에쓰 신칸센(지선),008000,グリーン,1,,,,,,,NOOP,,,138.8032504,36.94288211,14,0,1006
1007,2,山形新幹線,ヤマガタシンカンセン,山形新幹線,Yamagata Shinkansen,山形新干线,야마가타 신칸센,FFA030,オレンジ,1,,,,,,,NOOP,,,140.1684778,37.58820881,8,0,1007
1008,2,秋田新幹線,アキタシンカンセン,秋田新幹線,Akita Shinkansen,秋田新干线,아키타 신칸센,FF0080,ピンク,1,,,,,,,NOOP,,,140.3622538,37.75728895,7,0,1008
1009,2,北陸新幹線,ホクリクシンカンセン,北陸新幹線,Hokuriku Shinkansen,北陆新干线,호쿠리쿠 신칸센,008000,グリーン,1,,,,,,,NOOP,,,138.0356977,36.18598137,8,0,1009
1010,6,九州新幹線,キュウシュウシンカンセン,九州新幹線,Kyushu Shinkansen,九州新干线,규슈 신칸센,FF0000,レッド,1,,,,,,,NOOP,,,130.5768238,32.79428002,8,0,1010
1011,1,北海道新幹線,ホッカイドウシンカンセン,北海道新幹線,Hokkaido Shinkansen,北海道新干线,홋카이도 신칸센,6E5CA5,紫,1,,,,,,,NOOP,,,140.6442261,42.09414637,7,0,1011
1012,6,西九州新幹線,ニシキュウシュウシンカンセン,西九州新幹線,Nishi-Kyushu Shinkansen,西九州新干线,니시큐슈 신칸센,E10017,赤,1,,,,,,,NOOP,,,130.0229,33.196289,9,0,1012
11101,1,函館本線(函館～長万部),ハコダテホンセン,函館本線(函館～長万部),Hakodate Main Line,函馆本线,하코다테 본선,0072BC,青,2,H,N,,0072bc,0072bc,,ROUND,ROUND,,140.4833697,42.23981411,9,0,11101
11102,1,函館本線(長万部～小樽),ハコダテホンセン,函館本線(長万部～小樽),Hakodate Main Line,函馆本线,하코다테 본선,ED1C23,赤,2,S,H,,ed1c23,0072bc,,ROUND,ROUND,,140.6428878,42.91991023,9,0,11102
11103,1,函館本線(小樽～旭川),ハコダテホンセン,函館本線(小樽～旭川),Hakodate Main Line,函馆本线,하코다테 본선,F7931D,オレンジ,2,A,H,0,f7931d,0072bc,000000,ROUND,ROUND,MONOCHROME_ROUND,141.6979108,43.4150974,9,0,11103
11104,1,室蘭本線(長万部・室蘭～苫小牧),ムロランホンセン,室蘭本線(長万部・室蘭～苫小牧),Muroran Main Line,室兰本线,무로란 본선,0072BC,青,2,H,M,,0072bc,0072bc,,ROUND,ROUND,,141.0063937,42.57071674,9,0,11104
11105,1,室蘭本線(苫小牧～岩見沢),ムロランホンセン,室蘭本線(苫小牧～岩見沢),Muroran Main Line,室兰本线,무로란 본선,808080,グレー,2,H,K,A,0072bc,8cc63e,f7931d,ROUND,ROUND,ROUND,141.7444991,42.93841714,10,0,11105
11106,1,根室本線(滝川～新得),ネムロホンセン,根室本線(滝川～新得),Nemuro Main Line,根室本线,네무로 본선,F6989D,薄いピンク,2,T,K,A,f6989d,8cc63e,f7931d,ROUND,ROUND,ROUND,142.3355332,43.35975106,10,0,11106
11107,1,根室本線(新得～釧路),ネムロホンセン,根室本線(新得～釧路),Nemuro Main Line,根室本线,네무로 본선,8CC63E,黄緑,2,K,,,8cc63e,,,ROUND,,,143.5647441,42.9656747,9,0,11107
11108,1,花咲線,ハナサキセン,根室本線(釧路～根室),Hanasaki Line,花咲线,하나사키선,808080,グレー,2,K,B,,8cc63e,ef59a1,,ROUND,ROUND,,145.0642882,43.12755462,9,0,11108
11109,1,千歳線,チトセセン,千歳線,Chitose Line,千岁线,지토세선,00B2EB,スカイブルー,2,H,AP,0,0072bc,00b2eb,000000,ROUND,ROUND,MONOCHROME_ROUND,141.5675688,42.88585087,10,0,11109
11110,1,石勝線,セキショウセン,石勝線,Sekisho Main Line,石胜线,세키쇼선,8CC63E,黄緑,2,K,H,Y,8cc63e,0072bc,8cc63e,ROUND,ROUND,ROUND,142.1208103,42.97760967,9,0,11110
11111,1,日高本線,ヒダカホンセン,日高本線,Hidaka Main Line,日高本线,히다카 본선,808080,グレー,2,H,,,0072bc,,,ROUND,,,142.1892282,42.43948998,9,0,11111
11112,1,札沼線,サッショウセン,札沼線,Sassho Line,札沼线,삿쇼선,00A54F,緑,2,G,S,0,00a54f,ed1c23,000000,ROUND,ROUND,MONOCHROME_ROUND,141.6575101,43.33044878,10,0,11112
11113,1,留萌本線,ルモイホンセン,留萌本線,Rumoi Main Line,留萌本线,루모이 본선,808080,グレー,2,,,,,,,,,,141.763792,43.84733117,10,0,11113
11114,1,富良野線,フラノセン,富良野線,Furano Line,富良野线,후라노선,AA5EA6,紫,2,F,A,T,aa5ea6,f7931d,f6989d,ROUND,ROUND,ROUND,142.4293334,43.60983839,10,0,11114
11115,1,宗谷本線,ソウヤホンセン,宗谷本線,Soya Main Line,宗谷本线,소야 본선,954A35,茶,2,W,A,,954a35,f7931d,,ROUND,ROUND,,142.225614,44.6587297,8,0,11115
11116,1,石北本線,セキホクホンセン,石北本線,Sekihoku Main Line,石北本线,세키호쿠 본선,F7931D,オレンジ,2,A,,,f7931d,,,ROUND,,,143.3629461,43.9613877,8,0,11116
11117,1,釧網本線,センモウホンセン,釧網本線,Senmo Main Line,钏网本线,센모 본선,EF59A1,ピンク,2,B,A,K,ef59a1,f7931d,8cc63e,ROUND,ROUND,ROUND,144.4337656,43.52373901,9,0,11117
11118,1,海峡線,カイキョウセン,海峡線,Kaikyo Line,海峡线,가이쿄선,808080,グレー,2,,,,,,,,,,140.329047,41.36657457,9,0,11118
11119,1,江差線,エサシセン,江差線,Esashi Line,江差线,에사시선,808080,グレー,2,,,,,,,,,,140.4168208,41.7753819,10,2,11119
11201,2,東北本線(八戸～青森),トウホクホンセン,東北本線(八戸～青森),Tohoku Main Line,东北本线,도호쿠 본선,3CB371,グリーン,2,,,,,,,,,,141.1472278,40.69791852,10,2,11201
11202,2,奥羽本線(新庄～青森),オウウホンセン,奥羽本線(新庄～青森),Ou Main Line,奥羽本线,오우 본선,FF6600,オレンジ,2,,,,,,,,,,140.4427173,39.92227066,8,0,11202
11231,2,東北本線(黒磯～利府・盛岡),トウホクホンセン,東北本線(黒磯～利府・盛岡),Tohoku Main Line,东北本线,도호쿠 본선,3CB371,グリーン,2,,,,,,,,,,140.8981249,38.46142404,8,0,11202
11203,2,はまなすベイライン大湊線,ハマナスベイラインオオミナトセン,大湊線,Ominato Line,大凑线,오미나토선,F1AA28,ゴールド,2,,,,,,,,,,141.2341889,41.07704833,10,0,11203
11204,2,五能線,ゴノウセン,五能線,Gono Line,五能线,고노선,0000FF,ブルー,2,,,,,,,,,,140.1536,40.62248824,9,0,11204
11205,2,津軽線,ツガルセン,津軽線,Tsugaru Line,津轻线,쓰가루선,00B2E5,スカイブルー,2,,,,,,,,,,140.6379643,40.99724898,10,0,11205
11206,2,八戸線,ハチノヘセン,八戸線,Hachinohe Line,八户线,하치노헤선,FF0000,レッド,2,,,,,,,,,,141.7019344,40.40264308,10,0,11206
11207,2,岩泉線,イワイズミセン,岩泉線,Iwaizumi Line,岩泉线,이와이즈미선,808080,グレー,2,,,,,,,,,,141.7110907,39.75256666,11,2,11207
11208,2,ドラゴンレール大船渡線,ドラゴンレールオオフナトセン,大船渡線,Dragon Rail Ofunato Line,大船渡线,오후나토선,FF6600,オレンジ,2,,,,,,,,,,141.4724298,38.96164069,10,0,11208
11209,2,銀河ドリームライン釜石線,ギンガドリームラインカマイシセン,釜石線,Ginga Dream Line Kamaishi Line,釜石线,가마이시선,3399FF,スカイブルー,2,,,,,,,,,,141.5279124,39.32636455,10,0,11209
11210,2,北上線,キタカミセン,北上線,Kitakami Line,北上线,기타카미선,9966FF,パープル,2,,,,,,,,,,140.8466239,39.30471879,10,0,11210
11211,2,田沢湖線,タザワコセン,田沢湖線,Tazawako Line,田泽湖线,다자와코선,CC00CC,レッドパープル,2,,,,,,,,,,140.7685672,39.6934485,10,0,11211
11212,2,十和田八幡平四季彩ライン,トワダハチマンタイシキサイライン,花輪線,Towada-Hachimantai Shikisai Line,花轮线,하나와선,FF0000,レッド,2,,,,,,,,,,140.8453488,40.13373143,10,0,11212
11213,2,山田線,ヤマダセン,山田線,Yamada Line,山田线,야마다선,A52A2A,ブラウン,2,,,,,,,,,,141.6667874,39.59692922,9,0,11213
11214,2,羽越本線,ウエツホンセン,羽越本線,Uetsu Main Line,羽越本线,우에쓰 본선,16C0E9,スカイブルー,2,,,,,,,,,,139.7617803,38.73294117,8,0,11214
11215,2,男鹿線,オガセン,男鹿線,Oga Line,男鹿线,오가선,008000,グリーン,2,,,,,,,,,,139.958679,39.89239988,11,0,11215
11216,2,山形線,ヤマガタセン,奥羽本線(福島～新庄),Ou Main Line,奥羽本线,오우 본선,FF6600,オレンジ,2,,,,,,,,,,140.2833537,38.30771536,9,0,11216
11217,2,仙山線,センザンセン,仙山線,Senzan Line,仙山线,센잔선,77DD00,ウグイス,2,,,,,,,,,,140.5996186,38.31470035,10,0,11217
11218,2,フルーツライン左沢線,フルーツラインアテラザワセン,左沢線,Fruits Line Aterazawa Line,左泽线,아테라자와선,87CEEB,薄いスカイブルー,2,,,,,,,,,,140.2808095,38.33565073,12,0,11218
11219,2,米坂線,ヨネサカセン,米坂線,Yonesaka Line,米坂线,요네사카선,9E7EB9,パープル,2,,,,,,,,,,139.7703569,38.04498397,10,0,11219
11220,2,奥の細道最上川ライン,オクノホソミチモガミガワライン,陸羽西線,Oku no Hosomichi Mogamigawa Line,陆羽西线,리쿠우사이선,32CD32,ライムグリーン,2,,,,,,,,,,140.0961846,38.75534124,10,0,11220
11221,2,奥の細道湯けむりライン,オクノホソミチユケムリライン,陸羽東線,Oku no Hosomichi Yukemuri Line,陆羽东线,리쿠우토선,888888,グレー,2,,,,,,,,,,140.6813043,38.73003972,10,0,11221
11222,2,仙石線,センセキセン,仙石線,Senseki Line,仙石线,센세키선,00AAEE,スカイブルー,2,,,,,,,,,,141.0726418,38.36634216,11,0,11222
11223,2,石巻線,イシノマキセン,石巻線,Ishinomaki Line,石卷线,이시노마키선,FF8888,ピンク,2,,,,,,,,,,141.2522992,38.48686849,11,0,11223
11224,2,気仙沼線,ケセンヌマセン,気仙沼線,Kesennuma Line,气仙沼线,게센누마선,6600CC,パープル,2,,,,,,,,,,141.4644576,38.69617975,10,0,11224
11225,2,磐越西線(郡山～会津若松),バンエツサイセン,磐越西線(郡山～会津若松),Ban'etsu West Line(Koriyama to Aizuwakamatsu),磐越西线,반에쓰사이선,CB7B35,茶,2,,,,,,,,,,140.1307905,37.51773393,10,0,11225
11226,2,森と水とロマンの鉄道,モリトミズトロマンノテツドウ,磐越西線(森と水とロマンの鉄道),Mori to Mizu to Roman no Tetsudo,磐越西线,반에쓰사이선,CB7B35,茶,2,,,,,,,,,,139.121445,37.800383,9,0,11226
11227,2,只見線,タダミセン,只見線,Tadami Line,只见线 ,다다미선,008DD1,ブルー,2,,,,,,,,,,139.4478074,37.39176462,9,0,11227
11228,2,ゆうゆうあぶくまライン,ユウユウアブクマライン,磐越東線,Yuyu Abukuma Line,磐越东线 ,반에쓰토선,C71585,レッドパープル,2,,,,,,,,,,140.6426123,37.26977724,10,0,11228
11229,2,常磐線(取手～いわき),ジョウバンセン,常磐線(取手～いわき),Joban Line(Toride to Iwaki),常磐线,조반선,007AC0,青,2,JJ,,,00B261,,,SQUARE,,,140.5188744,36.51900406,9,0,11229
11230,2,常磐線(いわき～仙台),ジョウバンセン,常磐線(いわき～仙台),Joban Line(Iwaki to Sendai),常磐线,조반선,007AC0,青,2,,,,,,,,,,140.9334199,37.66155605,9,0,11230
11301,2,東海道本線(東京～熱海),トウカイドウホンセン,東海道本線(東京～熱海),Tokaido Main Line(Tokyo to Atami),东海道本线,도카이도 본선,F68B1E,オレンジ,2,JT,,,F68B1E,,,SQUARE,,,139.4302441,35.39507962,10,0,11301
11302,2,山手線,ヤマノテセン,山手線,Yamanote Line,山手线,야마노테선,80C241,黄緑,2,JY,,,80C241,,,SQUARE,,,139.7352228,35.69302731,12,0,11302
11303,2,南武線,ナンブセン,南武線,Nambu Line,南武线,난부선,FFD400,黄,2,JN,,,FFD400,,,SQUARE,,,139.5621831,35.62126802,11,0,11303
11304,2,鶴見線,ツルミセン,鶴見線,Tsurumi Line,鹤见线,쓰루미선,FFD400,黄,2,JI,,,FFD400,,,SQUARE,,,139.6973422,35.50322702,13,0,11304
11305,2,武蔵野線,ムサシノセン,武蔵野線,Musashino Line,武藏野线,무사시노선,F15A22,朱,2,JM,,,F15A22,,,SQUARE,,,139.7051131,35.80257708,10,0,11305
11306,2,横浜線,ヨコハマセン,横浜線,Yokohama Line,横滨线,요코하마선,80C241,黄緑,2,JH,,,80C241,,,SQUARE,,,139.4711185,35.56100411,11,0,11306
11307,2,根岸線,ネギシセン,根岸線,Negishi Line,根岸线,네기시선,00B2E5,水色,2,JK,,,00B2E5,,,SQUARE,,,139.5986788,35.41484559,12,0,11307
11308,2,横須賀線,ヨコスカセン,横須賀線,Yokosuka Line,横须贺线,요코스카선 ,007AC0,青,2,JO,,,007AC0,,,SQUARE,,,139.6476186,35.48340539,10,0,11308
11309,2,相模線,サガミセン,相模線,Sagami Line,相模线,사가미선,009793,青緑,2,,,,,,,,,,139.3678017,35.48317493,11,0,11309
11311,2,中央本線(東京～塩尻),チュウオウホンセン,中央本線(東京～塩尻),Chuo Line(Tokyo to Shiojiri),中央本线,주오 본선,007AC0,青,2,JC,CO,,F15A22,007AC0,,SQUARE,SQUARE,,138.617358,35.77036734,9,0,11311
11312,2,中央線(快速),チュウオウセン,中央線(快速),Chuo Line(Rapid),中央线快速,츄오 쾌속선,F15A22,朱,2,JC,,,F15A22,,,SQUARE,,,139.5379885,35.70017042,10,0,11312
11313,2,中央・総武線,チュウオウ・ソウブセン,中央・総武緩行線,Chuo-Sobu Line,中央・总武线,주오·소부선,FFD400,黄,2,JB,,,FFD400,,,SQUARE,,,139.8371552,35.70164136,10,0,11313
11314,2,総武本線,ソウブホンセン,総武本線,Sobu Main Line,总武本线,소부 본선,007AC0,青,2,JO,,,007AC0,,,SQUARE,,,140.2546612,35.68790263,9,0,11314
11315,2,青梅線,オウメセン,青梅線,Ome Line,青梅线,오메선,F15A22,朱,2,JC,,,F15A22,,,SQUARE,,,139.2400414,35.78257265,11,0,11315
11316,2,五日市線,イツカイチセン,五日市線,Itsukaichi Line,五日市线,이쓰카이치선,F15A22,朱,2,JC,,,F15A22,,,SQUARE,,,139.2916574,35.72583044,12,0,11316
11317,2,八高線(八王子～高麗川),ハチコウセン,八高線(八王子～高麗川),Hachiko Line(Hachioji to Komagawa),八高线,하치코선,A8A39D,グレー,2,,,,,,,,,,139.3329938,35.78050242,11,0,11317
11318,2,八高線(高麗川～高崎),ハチコウセン,八高線(高麗川～高崎),Hachiko Line(Komagawa to Takasaki),八高线,하치코선,A8A39D,グレー,2,,,,,,,,,,139.1796533,36.12104162,10,0,11318
11319,2,宇都宮線,ウツノミヤセン,東北本線,Utsunomiya Line,宇都宫线,우쓰노미야선,F68B1E,オレンジ,2,JU,,,F68B1E,,,SQUARE,,,139.846403,36.37943924,9,0,11319
11320,2,常磐線(上野～取手),ジョウバンセン,常磐線(上野～取手),Joban Line(Ueno to Toride),常磐线,조반선,00B261,緑,2,JL,JJ,,A2A9B1,00B261,,SQUARE,SQUARE,,139.9238125,35.81971933,11,0,11320
11321,2,埼京線,サイキョウセン,埼京線,Saikyo Line,埼京线,사이쿄선,00B48D,緑,2,JA,,,00B48D,,,SQUARE,,,139.6182015,35.80319582,11,0,11321
11322,2,川越線,カワゴエセン,川越線,Kawagoe Line,川越线,가와고에선,00B48D,緑,2,,,,,,,,,,139.4693426,35.90961046,11,0,11322
11323,2,高崎線,タカサキセン,高崎線,Takasaki Line,高崎线,다카사키선,F68B1E,オレンジ,2,JU,,,F68B1E,,,SQUARE,,,139.4521807,36.09573564,9,0,11323
11324,2,外房線,ソトボウセン,外房線,Sotobo Line,外房线,소토보선,DB4028,レッド,2,,,,,,,,,,140.2798303,35.34873907,10,0,11324
11325,2,内房線,ウチボウセン,内房線,Uchibo Line,内房线,우치보선,00B9F1,スカイブルー,2,,,,,,,,,,139.9480808,35.29328827,9,0,11325
11326,2,京葉線,ケイヨウセン,京葉線,Keiyo Line,京叶线,게이요선,C9242F,赤,2,JE,JM,,C9242F,F15A22,,SQUARE,SQUARE,,139.93611,35.64364962,11,0,11326
11327,2,成田線,ナリタセン,成田線,Narita Line,成田线,나리타선,00B261,緑,2,JO,,,007AC0,,,SQUARE,,,140.3723884,35.86276466,10,0,11327
11328,2,成田エクスプレス,ナリタエクスプレス,成田エクスプレス,Narita Express,成田特快,나리타 익스프레스,F61E21,朱,2,,,,,,,,,,139.7571982,35.69212092,9,3,11328
11329,2,鹿島線,カシマセン,鹿島線,Kashima Line,鹿岛线,가시마선,C56E2E,茶,2,,,,,,,,,,140.5646973,35.94268442,12,0,11329
11330,2,久留里線,クルリセン,久留里線,Kururi Line,久留里线,구루리선,00B5AD,シーグリーン,2,,,,,,,,,,140.0464997,35.3506777,11,0,11330
11331,2,東金線,トウガネセン,東金線,Togane Line,东金线,도가네선,F15A22,オレンジバーミリオン,2,,,,,,,,,,140.3680586,35.56232866,12,0,11331
11332,2,京浜東北線,ケイヒントウホクセン,京浜東北線,Keihin-Tohoku Line,京滨东北线,게이힌 도호쿠선,00B2E5,水色,2,JK,,,00B2E5,,,SQUARE,,,139.6425121,35.63929556,10,0,11332
11333,2,湘南新宿ライン,ショウナンシンジュクライン,湘南新宿ライン,Shonan-Shinjuku Line,湘南新宿线,쇼난 신주쿠 라인,F68B1E,オレンジ,2,JS,,,E31F26,,,SQUARE,,,139.6229437,35.65739974,10,0,11333
11343,2,上野東京ライン,ウエノトウキョウライン,上野東京ライン,Ueno-Tokyo Line,上野东京线,우에노 도쿄 라인,8D2E90,紫,2,JU,,,F68B1E,,,SQUARE,,,139.7721004,35.69745581,14,0,11333
11334,2,烏山線,カラスヤマセン,烏山線,Karasuyama Line,乌山线,가라스야마선,008000,グリーン,2,,,,,,,,,,140.0649785,36.65874003,12,0,11334
11335,2,吾妻線,アヅマセン,吾妻線,Agatsuma Line,吾妻线,아가쓰마선,0F5474,ブルーグリーン,2,,,,,,,,,,138.7913036,36.55204126,10,0,11335
11337,2,信越本線,シンエツホンセン,信越本線,Shin’etsu Main Line,信越本线,신에쓰 본선,9ACD32,イエローグリーン,2,,,,,,,,,,138.8807751,36.33038234,11,0,11337
11338,2,水郡線,スイグンセン,水郡線,Suigun Line,水郡线,스이군선,008000,グリーン,2,,,,,,,,,,140.4621536,36.92204743,9,0,11338
11339,2,水戸線,ミトセン,水戸線,Mito Line,水户线,미토선,3333FF,ブルー,2,,,,,,,,,,140.0513207,36.33356509,10,0,11339
11340,2,日光線,ニッコウセン,日光線,Nikko Line,日光线,닛코선,880022,マルーン,2,,,,,,,,,,139.7529407,36.63614345,11,0,11340
11341,2,両毛線,リョウモウセン,両毛線,Ryomo Line,两毛线,료모선,FFD400,イエロー,2,,,,,,,,,,139.38788,36.35677395,10,0,11341
11342,2,上越線,ジョウエツセン,上越線,Joetsu Line,上越线,조에쓰선,00B3E6,スカイブルー,2,,,,,,,,,,138.8924192,36.9153866,9,0,11342
11401,2,小海線,コウミセン,小海線,Koumi Line,小海线,고우미선,008000,グリーン,2,,,,,,,,,,138.4394812,36.09169709,10,0,11401
11402,3,身延線,ミノブセン,身延線,Minobu Line,身延线,미노부선,6F2D98,パープル,2,CC,,,6F2D98,,,HALF_SQUARE_WITHOUT_ROUND,,,138.532397,35.39216324,10,0,11402
11403,2,信越本線(篠ノ井～長野),シンエツホンセン,信越本線(篠ノ井～長野),Shin’etsu Main Line(Shinonoi to Nagano),信越本线,신에쓰 본선,FFD400,黄,2,,,,,,,,,,138.1598163,36.60859597,12,0,11403
11404,2,信越本線(直江津～新潟),シンエツホンセン,信越本線(直江津～新潟),Shin’etsu Main Line(Naoetsu to Nigata),信越本线,신에쓰 본선,FFD400,黄,2,,,,,,,,,,138.7595452,37.51108174,9,0,11404
11405,4,北陸本線(富山～直江津),ホクリクホンセン,北陸本線(富山～直江津),Hokuriku Main Line(Toyama to Naoetsu),北陆本线,호쿠리쿠 본선,FFD400,黄,2,,,,,,,,,,137.7185006,37.01500893,9,2,11405
11406,2,白新線,ハクシンセン,白新線,Hakushin Line,白新线,하쿠신선,F387B7,ピンク,2,,,,,,,,,,139.1904713,37.92400721,11,0,11406
11407,2,飯山線,イイヤマセン,飯山線,Iiyama Line,饭山线,이야마선,7BC24B,黄緑,2,,,,,,,,,,138.5417323,36.98446011,10,0,11407
11408,2,越後線,エチゴセン,越後線,Echigo Line,越后线,에치고선,40934D,グリーン,2,,,,,,,,,,138.8340003,37.62674857,10,0,11408
11409,2,北アルプス線,キタアルプスセン,大糸線,Kita Alps Line,大糸线,오이토선,9370DB,パープル,2,,,,,,,,,,137.8735087,36.67612787,9,0,11409
11410,2,弥彦線,ヤヒコセン,弥彦線,Yahiko Line,弥彦线,야히코선,922790,パープル,2,,,,,,,,,,138.9044353,37.67331836,12,0,11410
11411,3,中央本線(名古屋～塩尻),チュウオウホンセン,中央本線(名古屋～塩尻),Chuo Main Line(Nagoya to Shiojiri),中央本线,주오 본선,170063,紺,2,CF,,,,,,HALF_SQUARE_WITHOUT_ROUND,,,137.468492,35.6624711,9,0,11411
11412,2,篠ノ井線,シノノイセン,篠ノ井線,Shinonoi Line,篠之井线,시노노이선,F15A22,オレンジ,2,,,,,,,,,,138.0172774,36.38422475,10,0,11412
11413,3,飯田線(豊橋～天竜峡),イイダセン,飯田線(豊橋～天竜峡),Iida Line(Toyohashi to Tenryukyo),饭田线,이다선,386692,青,2,CD,,,,,,HALF_SQUARE_WITHOUT_ROUND,,,137.6689494,35.12564791,10,0,11413
11414,3,飯田線(天竜峡～辰野),イイダセン,飯田線(天竜峡～辰野),Iida Line(Tenryukyo to Tatsuno),饭田线,이다선,386692,青,2,CD,,,,,,HALF_SQUARE_WITHOUT_ROUND,,,137.8986353,35.75990218,10,0,11414
11415,4,北陸本線(米原～金沢),ホクリクホンセン,北陸本線(米原～金沢),Hokuriku Main Line(Maibara to Kanazawa),北陆本线,호쿠리쿠 본선,D60000,赤,2,A,B,,0072BC,00ACD1,,REVERSED_SQUARE_WEST,REVERSED_SQUARE_WEST,,136.4425104,36.33393306,8,0,11415
11416,3,高山本線,タカヤマホンセン,高山本線,Takayama Main Line,高山本线,다카야마 본선,9C1618,臙脂,2,CG,,,,,,HALF_SQUARE_WITHOUT_ROUND,,,137.1437387,36.03506978,9,0,11416
11417,4,城端線,ジョウハナセン,城端線,Johana Line,城端线,조하나선,846AA8,紫,2,,,,,,,,,,136.9630801,36.64686113,11,0,11417
11418,4,氷見線,ヒミセン,氷見線,Himi Line,冰见线,히미선,A646A6,紫,2,,,,,,,,,,137.016787,36.80602651,12,0,11418
11419,4,七尾線,ナナオセン,七尾線,Nanao Line,七尾线,나나오선,1DA5BD,水色,2,,,,,,,,,,136.7916271,36.8807224,10,0,11419
11420,4,敦賀港線,ツルガコウセン,北陸本線(敦賀～敦賀港),Tsurugaminato Line,敦贺港线,츠루가미나토선,FFCC00,黄,2,,,,,,,,,,136.0755333,35.65634921,14,2,11420
11421,4,九頭竜線,クズリュウセン,越美北線,Kuzuryu Line,九头龙线,구즈류선,3C9922,緑,2,,,,,,,,,,136.4413114,35.99858409,10,0,11421
11422,4,小浜線,オバマセン,小浜線,Obama Line,小滨线,오바마선,0072BC,青,2,,,,,,,,,,135.7418184,35.53015548,10,0,11422
11501,3,東海道本線(熱海～浜松),トウカイドウホンセン,東海道本線(熱海～浜松),Tokaido Main Line(Atami to Hamamatsu),东海道本线,도카이도 본선,EE8125,オレンジ,2,CA,,,EE8125,,,HALF_SQUARE_WITHOUT_ROUND,,,138.3888098,34.94909732,9,0,11501
11502,3,東海道本線(浜松～岐阜),トウカイドウホンセン,東海道本線(浜松～岐阜),Tokaido Main Line(Hamamatsu to Gifu),东海道本线,도카이도 본선,EE8125,オレンジ,2,CA,,,EE8126,,,HALF_SQUARE_WITHOUT_ROUND,,,137.129185,35.04642183,9,0,11502
11503,3,東海道本線(岐阜～美濃赤坂・米原),トウカイドウホンセン,東海道本線(岐阜～美濃赤坂・米原),Tokaido Main Line(Gifu to Mino-Akasaka/Maibara),东海道本线,도카이도 본선,EE8125,オレンジ,2,CA,,,EE8127,,,HALF_SQUARE_WITHOUT_ROUND,,,136.5281548,35.36362897,10,0,11503
11504,2,伊東線,イトウセン,伊東線,Ito Line,伊东线,이토선,F68B1E,オレンジ,2,JT,,,F68B1E,,,SQUARE,,,139.0696551,35.04759233,12,0,11504
11505,3,御殿場線,ゴテンバセン,御殿場線,Gotemba Line,御殿场线,고텐바선,50992D,緑,2,CB,,,50992D,,,HALF_SQUARE_WITHOUT_ROUND,,,139.0331425,35.22246077,11,0,11505
11506,3,武豊線,タケトヨセン,武豊線,Taketoyo Line,武丰线,다케토요선,7F7663,グレー,2,CE,,,7F7663,,,HALF_SQUARE_WITHOUT_ROUND,,,136.9586884,34.93257927,12,0,11506
11507,3,太多線,タイタセン,太多線,Taita Line,太多线,다이타선,BCB3AA,シルバー,2,CI,,,BCB3AA,,,HALF_SQUARE_WITHOUT_ROUND,,,137.0625923,35.39115836,12,0,11507
11508,3,関西本線(名古屋～亀山),カンサイホンセン,関西本線(名古屋～亀山),Kansai Main Line(Nagoya to Kameyama),关西本线,간사이 본선,50992D,緑,2,CJ,,,50992D,,,HALF_SQUARE_WITHOUT_ROUND,,,136.6393149,35.03333933,10,0,11508
11509,4,関西本線(亀山～加茂),カンサイホンセン,関西本線(亀山～加茂),Kansai Main Line(Kameyama to Kamo),关西本线,간사이 본선,50992D,緑,2,,,,,,,,,,136.1749894,34.80143442,10,0,11509
11510,3,紀勢本線,キセイホンセン,紀勢本線,Kisei Main Line,纪势本线,기세이 본선,F80039,赤,2,,,,,,,,,,136.2872619,34.32154395,9,0,11510
11511,4,草津線,クサツセン,草津線,Kusatsu Line,草津线,구사쓰선,CBCF10,黄緑,2,C,,,CBCF10,,,,,,136.1045246,34.96458574,11,0,11511
11512,3,参宮線,サングウセン,参宮線,Sangu Line,参宫线,산구선,4D2E8C,紫,2,,,,,,,,,,136.6987801,34.495826,11,0,11512
11513,3,名松線,メイショウセン,名松線,Meisho Line,名松线,메이쇼선,E9E343,黄色,2,,,,,,,,,,136.3881753,34.60028532,11,0,11513
11601,4,琵琶湖線,ビワコセン,東海道本線(米原～京都),Biwako Line,琵琶湖线,비와코선,0072BC,青,2,A,,,0072BC,,,REVERSED_SQUARE_WEST,,,136.0951369,35.11930883,10,0,11601
11602,4,JR京都線,キョウトセン,東海道本線(京都～大阪),JR Kyoto Line,JR京都线,JR 교토선,0072BC,青,2,A,,,0072BC,,,REVERSED_SQUARE_WEST,,,135.495188,34.702398,11,0,11602
11603,4,JR神戸線(大阪～神戸),コウベセン,東海道本線(大阪～神戸),JR Kobe Line(Osaka to Kobe),JR神户线,JR 고베선,0072BC,青,2,A,,,0072BC,,,REVERSED_SQUARE_WEST,,,135.3347285,34.72876179,11,0,11603
11605,4,湖西線,コセイセン,湖西線,Kosei Line,湖西线,고세이선,576290,紺,2,B,,,00ACD1,,,REVERSED_SQUARE_WEST,,,135.9648814,35.24644583,10,0,11605
11607,4,大和路線,ヤマトジセン,関西本線(加茂～ＪＲ難波),Yamatoji Line,大和路线,야마토지선,009933,緑,2,Q,,,009933,,,REVERSED_SQUARE_WEST,,,135.6774159,34.65043379,11,0,11607
11608,4,JR神戸線(神戸～姫路),コウベセン,山陽本線(神戸～姫路),JR Kobe Line(Kobe to Himeji),JR神户线,JR 고베선,009966,常磐緑,2,A,,,0072BC,,,REVERSED_SQUARE_WEST,,,134.9283387,34.71997139,10,0,11608
11609,4,山陽本線(姫路～岡山),サンヨウホンセン,山陽本線(姫路～岡山),San’yo Main Line(Himeji to Okayama),山阳本线,산요 본선,009966,常磐緑,2,S,,,,,,REVERSED_SQUARE_WEST,,,134.2462107,34.81352156,10,0,11609
11610,4,山陽本線(岡山～三原),サンヨウホンセン,山陽本線(岡山～三原),San’yo Main Line(Okayama to Mihara),山阳本线,산요 본선,009966,常磐緑,2,W,X,,,,,REVERSED_SQUARE_WEST,REVERSED_SQUARE_WEST,,133.5637577,34.5230414,10,0,11610
11611,4,山陽本線(三原～岩国),サンヨウホンセン,山陽本線(三原～岩国),San’yo Main Line(Mihara to Iwakuni),山阳本线,산요 본선,0072BC,青,2,G,R,,,,,REVERSED_SQUARE_WEST,REVERSED_SQUARE_WEST,,132.5497997,34.3865014,10,0,11611
11612,4,山陽本線(岩国～門司),サンヨウホンセン,山陽本線(岩国～門司),San'yo Main Line(Iwakuni to Moji),山阳本线,산요 본선,0072BC,青,2,,,,,,,,,,131.6063428,34.07166445,9,0,11612
11613,4,山陽本線(兵庫～和田岬),サンヨウホンセン,山陽本線(兵庫～和田岬),San’yo Main Line(Hyogo to Wadamisaki),山阳本线,산요 본선,0072BC,青,2,,,,,,,,,,135.167942,34.66577552,14,0,11613
11614,4,嵯峨野線,サガノセン,山陰本線(京都～園部),Sagano Line,嵯峨野线,사가노선,9370DB,紫,2,E,,,9370DB,,,REVERSED_SQUARE_WEST,,,135.6041557,35.05307104,11,0,11614
11615,4,山陰本線(園部～豊岡),サンインホンセン,山陰本線(園部～豊岡),San'in Main Line(Sonobe to Toyooka),山阴本线,산인 본선,669933,抹茶,2,E,,,669933,,,REVERSED_SQUARE_WEST,,,135.0886844,35.32609457,10,0,11615
11616,4,山陰本線(豊岡～米子),サンインホンセン,山陰本線(豊岡～米子),San’in Main Line(Toyooka to Yonago),山阴本线,산인 본선,669933,抹茶,2,A,,,669933,,,REVERSED_SQUARE_WEST,,,134.0209022,35.5218286,9,0,11616
11617,4,学研都市線,ガッケントシセン,片町線,Gakkentoshi Line,学研都市线,갓켄토시선,9ACD32,黄緑,2,H,,,FF1493,,,REVERSED_SQUARE_WEST,,,135.6901646,34.7599984,11,0,11617
11618,4,奈良線,ナラセン,奈良線,Nara Line,奈良线,나라선,A52A2A,茶,2,D,,,A52A2A,,,REVERSED_SQUARE_WEST,,,135.7864342,34.83402323,11,0,11618
11622,4,舞鶴線,マイヅルセン,舞鶴線,Maizuru Line,舞鹤线,마이즈루선,7BA1C5,水色,2,L,,,7BA1C5,,,REVERSED_SQUARE_WEST,,,135.2793138,35.36774424,11,0,11622
11623,4,大阪環状線,オオサカカンジョウセン,大阪環状線,Osaka Loop Line,大阪环状线,오사카 순환선,FF0000,赤,2,O,,,FF0000,,,REVERSED_SQUARE_WEST,,,135.5021892,34.68154143,13,0,11623
11624,4,JRゆめ咲線,ユメサキセン,桜島線,JR Yumesaki Line,JR梦咲线,JR 유메사키선,0A318E,紺,2,P,,,0A318E,,,REVERSED_SQUARE_WEST,,,135.4474452,34.67404443,13,0,11624
11625,4,JR東西線,トウザイセン,JR東西線,JR Tozai Line,JR东西线,JR 도자이선,FF1493,桜桃,2,H,,,FF1493,,,REVERSED_SQUARE_WEST,,,135.4729665,34.70792548,13,0,11625
11626,4,阪和線(天王寺～和歌山),ハンワセン,阪和線(天王寺～和歌山),Hanwa Line(Tennoji to Wakayama),阪和线,한와선,FF6600,オレンジ,2,R,,,ff9600,,,REVERSED_SQUARE_WEST_DARK_TEXT,,,135.4011938,34.46154098,10,0,11626
11627,4,羽衣線,ハゴロモセン,阪和線(鳳～東羽衣),Hagoromo Line,羽衣线,하고로모선,FF6600,オレンジ,2,,,,,,,,,,135.4495774,34.53405857,14,0,11627
11628,4,関西空港線,カンサイクウコウセン,関西空港線,Kansai Airport Line,关西机场线,간사이 공항선,0000FF,青,2,S,,,0000FF,,,REVERSED_SQUARE_WEST,,,135.2888684,34.415185,12,0,11628
11629,4,JR宝塚線,タカラヅカセン,福知山線(新大阪～篠山口),JR Takarazuka Line,JR宝冢线,JR 다카라즈카선,FFCC00,黄,2,G,A,,FFBA00,0072BC,,REVERSED_SQUARE_WEST_DARK_TEXT,REVERSED_SQUARE_WEST,,135.3444349,34.8698929,10,0,11629
11630,4,福知山線(篠山口～福知山),フクチヤマセン,福知山線(篠山口～福知山),Fukuchiyama Line(Sasayamaguchi to Fukuchiyama),福知山线,후쿠치야마선 ,FFCC00,黄,2,G,,,FFBA00,,,REVERSED_SQUARE_WEST_DARK_TEXT,,,135.105576,35.16077077,11,0,11630
11631,4,赤穂線,アコウセン,赤穂線,Ako Line,赤穗线,아코선,F16369,黄,2,N,A,,F16369,0072BC,,REVERSED_SQUARE_WEST,REVERSED_SQUARE_WEST,,134.1974932,34.74727448,10,0,11631
11632,4,加古川線,カコガワセン,加古川線,Kakogawa Line,加古川线,가코가와선,3CB371,青緑,2,I,,,3CB371,,,REVERSED_SQUARE_WEST,,,134.9525226,34.9370801,11,0,11632
11633,4,姫新線(姫路～佐用),キシンセン,姫新線(姫路～佐用),Kishin Line(Himeji to Sayo),姬新线,기신선,FF4500,朱,2,K,,,FF4500,,,REVERSED_SQUARE_WEST,,,134.5265431,34.9258616,11,0,11633
11634,4,姫新線(佐用～新見),キシンセン,姫新線(佐用～新見),Kishin Line(Himeji to Nimi),姬新线,기신선,800080,紫,2,K,,,800080,,,REVERSED_SQUARE_WEST,,,133.8805395,35.0502408,10,0,11634
11635,4,播但線,バンタンセン,播但線,Bantan Line,播但线,반탄선,A52A2A,茶,2,J,,,A52A2A,,,REVERSED_SQUARE_WEST,,,134.7640542,35.11319296,10,0,11635
11636,4,和歌山線,ワカヤマセン,和歌山線,Wakayama Line,和歌山线,와카야마선,192375,紺,2,T,,,192375,,,REVERSED_SQUARE_WEST,,,135.5570816,34.36363683,10,0,11636
11637,4,万葉まほろば線,マンヨウマホロバセン,桜井線,Manyo Mahoroba Line,万叶Mahoroba线,사쿠라이선,EC64AB,ピンク,2,U,,,EC64AB,,,REVERSED_SQUARE_WEST,,,135.8007123,34.58068955,12,0,11637
11639,4,きのくに線,キノクニセン,紀勢本線(新宮～和歌山),Kinokuni Line,纪国线,기노쿠니선,FE8525,オレンジ,2,W,,,FE8525,,,REVERSED_SQUARE_WEST,,,135.4271755,33.83183628,9,0,11639
11640,4,紀勢本線(和歌山～和歌山市),キセイホンセン,紀勢本線(和歌山～和歌山市),Kisei Main Line(Wakayama to Wakayamashi),纪势本线,기세이 본선,192375,紺,2,,,,,,,,,,135.1783337,34.23803307,14,0,11640
11641,4,おおさか東線,オオサカヒガシセン,おおさか東線,Osaka Higashi Line,大阪东线,오사카히가시선,347293,ブルーグレー,2,F,,,347293,,,REVERSED_SQUARE_WEST,,,135.5742715,34.65696791,13,0,11641
11701,4,山陰本線(米子～益田),サンインホンセン,山陰本線(米子～益田),San’in Main Line(Yonago to Masuda),山阴本线,산인 본선,BAE541,黄緑,2,,,,,,,,,,132.5610675,35.20731024,9,0,11701
11702,4,山陰本線(益田～下関),サンインホンセン,山陰本線(益田～下関),San’in Main Line(Masuda to Shimonoseki),山阴本线,산인 본선,BAE541,黄緑,2,,,,,,,,,,131.2726666,34.35940661,9,0,11702
11703,4,伯備線,ハクビセン,伯備線,Hakubi Line,伯备线,하쿠비선,FF4500,朱,2,,,,,,,,,,133.495623,35.05328908,9,0,11703
11704,4,因美線,インビセン,因美線,Inbi Line,因美线,인비선,000080,藍,2,B,,,000080,,,REVERSED_SQUARE_WEST,,,134.1500156,35.26468997,10,0,11704
11705,4,境線,サカイセン,境線,Sakai Line,境线,사카이선,00FFFF,水色,2,C,,,00FFFF,,,REVERSED_SQUARE_WEST,,,133.2625398,35.48805798,12,0,11705
11706,4,木次線,キスキセン,木次線,Kisuki Line,木次线,기스키선,339966,緑,2,E,,,339966,,,REVERSED_SQUARE_WEST,,,133.0214796,35.19925146,11,0,11706
11707,4,三江線,サンコウセン,三江線,Sanko Line,三江线,산코선,C9090B,赤,2,,,,,,,,,,132.5629828,34.94301166,10,2,11707
11708,4,山口線,ヤマグチセン,山口線,Yamaguchi Line,山口线,야마구치선,FF6600,オレンジ,2,,,,,,,,,,131.4734848,34.34664277,10,0,11708
11709,4,宇野線,ウノセン,宇野線,Uno Line,宇野线,우노선,3333CC,青,2,,,,,,,,,,133.9131994,34.57584113,12,0,11709
11710,4,瀬戸大橋線,セトオオハシセン,本四備讃線,Seto-Ohashi Line,濑户大桥线,세토오하시선,3333CC,青,2,M,Y,,0072BC,FBAF18,,REVERSED_SQUARE_WEST,ROUND,,133.80944,34.45427589,11,0,11710
11713,4,吉備線,キビセン,吉備線,Kibi Line,吉备线,기비선,FFA500,オレンジ,2,,,,,,,,,,133.8272676,34.68115607,12,0,11713
11714,4,芸備線,ゲイビセン,芸備線,Geibi Line,艺备线,게이비선,00CED1,ターコイズブルー,2,P,,,00CED1,,,REVERSED_SQUARE_WEST,,,132.9216429,34.77393016,9,0,11714
11715,4,津山線,ツヤマセン,津山線,Tsuyama Line,津山线,쓰야마선,FF69B4,ピンク,2,T,,,FF69B4,,,REVERSED_SQUARE_WEST,,,133.9227023,34.89119811,10,0,11715
11716,4,呉線,クレセン,呉線,Kure Line,吴线,구레선,33C033,ライムグリーン,2,Y,,,33C033,,,REVERSED_SQUARE_WEST,,,132.7797393,34.38727696,10,0,11716
11717,4,可部線,カベセン,可部線,Kabe Line,可部线,가베선,A020F0,紫,2,B,,,A020F0,,,REVERSED_SQUARE_WEST,,,132.4778146,34.45822254,12,0,11717
11720,4,福塩線,フクエンセン,福塩線,Fukuen Line,福盐线,후쿠엔선,FF1493,桜桃,2,Z,,,FF1493,,,REVERSED_SQUARE_WEST,,,133.1297841,34.63826629,10,0,11720
11721,4,宇部線,ウベセン,宇部線,Ube Line,宇部线,우베선,990066,赤紫,2,,,,,,,,,,131.3026758,34.01935295,11,0,11721
11722,4,美祢線,ミネセン,美祢線,Mine Line,美祢线,미네선,CC0066,濃いピンク,2,,,,,,,,,,131.1806931,34.23328102,11,0,11722
11723,4,小野田線,オノダセン,小野田線,Onoda Line,小野田线,오노다선,666699,ブルーグレー,2,,,,,,,,,,131.1936861,33.97855545,12,0,11723
11724,4,岩徳線,ガントクセン,岩徳線,Gantoku Line,岩德线,간토쿠선,008056,緑青,2,,,,,,,,,,132.0569761,34.09347763,11,0,11724
11801,5,土讃線,ドサンセン,土讃線,Dosan Line,土赞线,도산선,E25885,ピンク,2,D,K,,DC4586,DC4586,,ROUND,ROUND,,133.5702573,33.76640013,9,0,11801
11802,5,高徳線,コウトクセン,高徳線,Kotoku Line,高德线,고토쿠선,99CC00,黄緑,2,T,,,87CA3B,,,ROUND,,,134.310584,34.24954113,10,0,11802
11803,5,よしの川ブルーライン,ヨシノガワブルーライン,徳島線,Yoshinogawa Blue Line,德岛线,도쿠시마선,008080,藍,2,B,,,366481,,,ROUND,,,134.1518085,34.04872233,10,0,11803
11804,5,牟岐線,ムギセン,牟岐線,Mugi Line,牟岐线,무기선,00FFFF,水色,2,M,,,2EBDB1,,,ROUND,,,134.5084229,33.83996475,10,0,11804
11805,5,鳴門線,ナルトセン,鳴門線,Naruto Line,鸣门线,나루토선,993366,赤紫,2,N,,,881F61,,,ROUND,,,134.5684284,34.16377798,13,0,11805
11806,5,予讃線,ヨサンセン,予讃線,Yosan Line,予赞线,요산선,FF9900,オレンジ,2,Y,,,F5AC13,,,ROUND,,,133.3626593,34.19299177,9,0,11806
11807,5,予讃・内子線,ヨサン・ウチコセン,予讃・内子線,Yosan/Uchiko Line,予赞・内子线,요산선・우치코선,FF9900,オレンジ,2,U,S,,F5AC13,9AA7D7,,ROUND,ROUND,,132.5895168,33.55703537,10,0,11807
11808,5,しまんとグリーンライン,シマントグリーンライン,予土線,Shimanto Green Line,予土线,요도선,339966,緑,2,G,,,339966,,,ROUND,,,132.8223845,33.23287192,10,0,11808
11901,4,博多南線,ハカタミナミセン,博多南線,Hakata-Minami Line,博多南线,하카타미나미선,22B04F,緑,2,,,,,,,,,,130.4288095,33.56485012,12,0,11901
11902,6,鹿児島本線(下関・門司港～博多),カゴシマホンセン,鹿児島本線(下関・門司港～博多),Kagoshima Main Line(Shimonoseki/Mojiko to Hakata),鹿儿岛本线,가고시마 본선,E24148,赤,2,JA,,,E24148,,,HALF_SQUARE,,,130.6285375,33.83670542,10,0,11902
11903,6,鹿児島本線(博多～八代),カゴシマホンセン,鹿児島本線(博多～八代),Kagoshima Main Line(Hakata to Yatsushiro),鹿儿岛本线,가고시마 본선,E24148,赤,2,JB,,,E24148,,,HALF_SQUARE,,,130.5063075,33.09244602,9,0,11903
11904,6,鹿児島本線(川内～鹿児島),カゴシマホンセン,鹿児島本線(川内～鹿児島),Kagoshima Main Line(Kawauchi to Kagoshima),鹿儿岛本线,가고시마 본선,E24148,赤,2,,,,,,,,,,130.363502,31.65334826,10,0,11904
11905,6,長崎本線(鳥栖～長崎),ナガサキホンセン,長崎本線(鳥栖～長崎),Nagasaki Main Line(Tosu to Nagasaki),长崎本线,나가사키 본선,E6B040,オレンジ,2,JH,,,E6B040,,,HALF_SQUARE_DARK_TEXT,,,130.1521506,33.12136017,10,0,11905
11906,6,日豊本線(門司港～佐伯),ニッポウホンセン,日豊本線(門司港～佐伯),Nippo Main Line(Mojiko to Saiki),日丰本线,닛포 본선,4ABACD,水色,2,JF,,,4ABACD,,,HALF_SQUARE,,,131.3035516,33.55493531,9,0,11906
11907,6,日豊本線(佐伯～鹿児島中央),ニッポウホンセン,日豊本線(佐伯～鹿児島中央),Nippo Main Line(Saiki to Kagoshima-Chuo),日丰本线,닛포 본선,4ABACD,水色,2,,,,,,,,,,131.447211,32.21697834,8,0,11907
11908,6,福北ゆたか線,フクホクユタカセン,篠栗線,Fukuhoku Yutaka Line,福北丰线,후쿠호쿠유타카선,FAAF18,オレンジ,2,JC,,,FAAF18,,,HALF_SQUARE_DARK_TEXT,,,130.5327032,33.61990987,11,0,11908
11909,6,筑肥線(姪浜～西唐津),チクヒセン,筑肥線(姪浜～西唐津),Chikuhi Line(Meinohama to Nishi-Karatsu),筑肥线,지쿠히선,8F3E97,赤,2,JK,,,8F3E97,,,HALF_SQUARE,,,130.1294128,33.51164937,11,0,11909
11910,6,若松線,チクホウセン,筑豊本線(若松～折尾),Wakamatsu Line,若松线,와카마쓰선,88878C,グレー,2,JE,,,88878C,,,HALF_SQUARE,,,130.7521278,33.88822023,12,0,11910
11911,6,福北ゆたか線(折尾～桂川),フクホクユタカセン,筑豊本線(折尾～桂川),Fukuhoku Yutaka Line(Orio to Keisen),福北丰线,후쿠호쿠유타카선,FAAF18,オレンジ,2,JC,,,FAAF18,,,HALF_SQUARE_DARK_TEXT,,,130.7061142,33.73450091,11,0,11911
11912,6,原田線,ハルダセン,筑豊本線(桂川～原田),Haruda Line,原田线,하루다선,4F439A,紺,2,JG,,,4F439A,,,HALF_SQUARE,,,130.6091322,33.5241644,12,0,11912
11913,6,ゆふ高原線,ユフコウゲンセン,久大本線,Yufu Kogen Line,由布高原线,유후 고원선,D78CAC,ピンク,2,,,,,,,,,,131.0359949,33.2620623,9,0,11913
11914,6,日田彦山線,ヒタヒコサンセン,日田彦山線,Hitahikosan Line,日田彦山线,히타히코산선,3350A0,紺,2,JI,,,,,,HALF_SQUARE,,,130.8729992,33.5869026,10,0,11914
11915,6,後藤寺線,ゴトウジセン,後藤寺線,Gotoji Line,后藤寺线,고토지선,B66F2E,茶,2,JJ,,,,,,HALF_SQUARE,,,130.7431474,33.63894268,12,0,11915
11916,6,海の中道線,ウミノナカミチセン,香椎線(西戸崎～香椎),Uminonakamichi Line,海之中道线,가시선,3A268F,紫,2,,,,,,,,,,130.4041931,33.67670942,12,0,11916
11917,6,香椎線(香椎～宇美),カシイセン,香椎線(香椎～宇美),Kashii Line(Kashii to Umi),香椎线,가시선,3A268F,紫,2,JD,,,,,,HALF_SQUARE,,,130.4729008,33.61956046,12,0,11917
11918,6,佐世保線,サセボセン,佐世保線,Sasebo Line,佐世保线,사세보선,2EA87A,緑,2,,,,,,,,,,129.9399703,33.18811566,11,0,11918
11920,6,筑肥線(西唐津～伊万里),チクヒセン,筑肥線(西唐津～伊万里),Chikuhi Line(Nishi-Karatsu to Imari),筑肥线,지쿠히선,8F3E97,青,2,,,,,,,,,,129.9397357,33.37129522,11,0,11920
11921,6,唐津線,カラツセン,唐津線,Karatsu Line,唐津线,가라쓰선,8F5499,紫,2,,,,,,,,,,130.0774047,33.3354427,11,0,11921
11922,6,大村線,オオムラセン,大村線,Omura Line,大村线,오무라선,BAD64C,黄緑,2,,,,,,,,,,129.9214241,33.00169785,11,0,11922
11923,6,阿蘇高原線,アソコウゲンセン,豊肥本線,Aso Kogen Line,阿苏高原线,아소코겐선,F09075,ピンク,2,,,,,,,,,,131.2621302,33.01712664,9,0,11923
11924,6,三角線（あまくさみすみ線）,アマクサミスミセン,三角線,Misumi Line(Amakusamisumi Line),三角线,미스미선,0095d9,エメラルド,2,,,,,,,,,,130.5892981,32.6914496,11,0,11924
11925,6,えびの高原線(八代～吉松),エビノコウゲンセン,肥薩線(八代～吉松),Ebino Kogen Line(Yatsushiro to Yoshimatsu),虾野高原线,에비노고원선,742624,チョコ,2,,,,,,,,,,130.6833119,32.28699732,10,0,11925
11926,6,肥薩線(吉松～隼人),ヒサツセン,肥薩線(吉松～隼人),Hisatsu Line(Yoshimatsu to Hayato),肥萨线,히사쓰선,B26F2D,黄土,2,,,,,,,,,,130.7067465,31.89098429,11,0,11926
11927,6,宮崎空港線,ミヤザキクウコウセン,宮崎空港線,Miyazaki Airport Line,宫崎机场线,미야자키쿠코선,31A7D8,水色,2,,,,,,,,,,131.4327623,31.89534315,13,0,11927
11928,6,日南線,ニチナンセン,日南線,Nichinan Line,日南线,니치난선,E3714A,オレンジ,2,,,,,,,,,,131.3626539,31.68357655,10,0,11928
11929,6,えびの高原線,エビノコウゲンセン,吉都線,Ebino Kogen Line,虾野高原线,에비노고원선,B07133,茶,2,,,,,,,,,,130.9564017,31.91724391,10,0,11929
11930,6,指宿枕崎線,イブスキマクラザキセン,指宿枕崎線,Ibusuki Makurazaki Line,指宿枕崎线,이부스키마쿠라자키선,E6CE38,黄色,2,,,,,,,,,,130.5034109,31.35999955,10,0,11930
21001,11,東武東上線,トウブトウジョウセン,東武東上線,Tobu Tojo Line,东武东上线,도부 도조선,014099,紺,2,TJ,,,014099,,,SQUARE,,,139.4596379,35.92121867,10,0,21001
21002,11,東武伊勢崎線,トウブイセサキセン,東武伊勢崎線,Tobu Isesaki Line(Tobu SKYTREE Line),东武伊势崎线,도부 이세사키선,B50033,赤,2,TI,TS,,B50033,0067c0,,SQUARE,SQUARE,,139.4993413,36.05676642,10,0,21002
21003,11,東武日光線,トウブニッコウセン,東武日光線,Tobu Nikko Line,东武日光线,도부 닛코선,F08200,オレンジ,2,TN,TS,,F08200,0067c0,,SQUARE,SQUARE,,139.6911602,36.4457974,9,0,21003
21004,11,東武野田線,トウブノダセン,東武野田線,Tobu Noda Line,东武野田线,도부 노다선,00A1E9,水色,2,TD,,,00A1E9,,,SQUARE,,,139.8919126,35.88791322,10,0,21004
21005,11,東武亀戸線,トウブカメイドセン,東武亀戸線,Tobu Kameido Line,东武龟户线,도부 가메이도선,C0AD4A,ゴールド,2,TS,,,0067c0,,,SQUARE,,,139.8243468,35.70795152,14,0,21005
21006,11,東武大師線,トウブダイシセン,東武大師線,Tobu Daishi Line,东武大师线,도부 다이시선,7A6C99,紫,2,TS,,,0067c0,,,SQUARE,,,139.7853229,35.77906123,15,0,21006
21007,11,東武越生線,トウブオゴセセン,東武越生線,Tobu Ogose Line,东武越生线,도부 오고세선,F6AB00,オレンジ,2,TJ,,,014099,,,SQUARE,,,139.3426227,35.95321877,12,0,21007
21008,11,東武宇都宮線,トウブウツノミヤセン,東武宇都宮線,Tobu Utsunomiya Line,东武宇都宫线,도부 우쓰노미야선,D9AE3D,黄土,2,TN,,,F08200,,,SQUARE,,,139.8178944,36.48379029,12,0,21008
21009,11,東武鬼怒川線,トウブキヌガワセン,東武鬼怒川線,Tobu Kinugawa Line,东武鬼怒川线,도부 기누가와선,2B71B8,青,2,TN,,,F08200,,,SQUARE,,,139.7071736,36.79812975,12,0,21009
21010,11,東武佐野線,トウブサノセン,東武佐野線,Tobu Sano Line,东武佐野线,도부 사노선,A661A4,紫,2,TI,,,B50033,,,SQUARE,,,139.5680586,36.3288676,12,0,21010
21011,11,東武桐生線,トウブキリュウセン,東武桐生線,Tobu Kiryu Line,东武桐生线,도부 기류선,118CCF,青,2,TI,,,B50033,,,SQUARE,,,139.3234126,36.36939671,12,0,21011
21012,11,東武小泉線,トウブコイズミセン,東武小泉線,Tobu Koizumi Line,东武小泉线,도부 고이즈미선,DDC300,黄色,2,TI,,,B50033,,,SQUARE,,,139.450654,36.25658593,12,0,21012
22001,12,西武池袋線,セイブイケブクロセン,西武池袋線,Seibu Ikebukuro Line,西武池袋线,세이부 이케부쿠로선,F17900,オレンジ,2,SI,,,F17900,,,HALF_SQUARE_DARK_TEXT,,,139.4678929,35.79126174,10,0,22001
22002,12,西武秩父線,セイブチチブセン,西武秩父線,Seibu Chichibu Line,西武秩父线,세이부 지치부선,F17900,オレンジ,2,SI,,,F17900,,,HALF_SQUARE_DARK_TEXT,,,139.2047331,35.9217046,11,0,22002
22003,12,西武有楽町線,セイブユウラクチョウセン,西武有楽町線,Seibu Yurakucho Line,西武有乐町线,세이부 유라쿠초선,F17901,オレンジ,2,SI,,,F17900,,,HALF_SQUARE_DARK_TEXT,,,139.667595,35.740404,14,0,22003
22004,12,西武豊島線,セイブトシマセン,西武豊島線,Seibu Toshima Line,西武丰岛线,세이부 도시마선,F17900,オレンジ,2,SI,,,F17900,,,HALF_SQUARE_DARK_TEXT,,,139.6515168,35.74004317,15,0,22004
22005,12,西武狭山線,セイブサヤマセン,西武狭山線,Seibu Sayama Line,西武狭山线,세이부 사야마선,F17900,オレンジ,2,SI,,,F17900,,,HALF_SQUARE_DARK_TEXT,,,139.4392487,35.77960247,14,0,22005
22006,12,レオライナー,レオライナー,西武山口線,Seibu Yamaguchi Line,西武山口线,세이부 야마구치선,FF69B4,ピンク,5,SY,,,FF3333,,,HALF_SQUARE_DARK_TEXT,,,139.4314444,35.77056761,14,0,22006
22007,12,西武新宿線,セイブシンジュクセン,西武新宿線,Seibu Shinjuku Line,西武新宿线,세이부 신주쿠선,00A6C0,水色,2,SS,,,00A6C0,,,HALF_SQUARE_DARK_TEXT,,,139.5308649,35.77694687,11,0,22007
22008,12,西武拝島線,セイブハイジマセン,西武拝島線,Seibu Haijima Line,西武拜岛线,세이부 하이지마선,00A6C0,水色,2,SS,,,00A6C0,,,HALF_SQUARE_DARK_TEXT,,,139.4131356,35.7328647,12,0,22008
22009,12,西武西武園線,セイブセイブエンセン,西武西武園線,Seibu Seibuen Line,西武西武园线,세이부 세이부엔선,00A6C0,水色,2,SK,,,00A6C0,,,HALF_SQUARE_DARK_TEXT,,,139.4573715,35.76415058,14,0,22009
22010,12,西武国分寺線,セイブコクブンジセン,西武国分寺線,Seibu Kokubunji Line,西武国分寺线,세이부 고쿠분지선,00BB00,緑,2,SK,,,00BB00,,,HALF_SQUARE_DARK_TEXT,,,139.467741,35.7306282,13,0,22010
22011,12,西武多摩湖線,セイブタマコセン,西武多摩湖線,Seibu Tamako Line,西武多摩湖线,세이부 다마코선,FFA500,オレンジ,2,ST,,,FFA500,,,HALF_SQUARE_DARK_TEXT,,,139.4685092,35.74104813,13,0,22011
22012,12,西武多摩川線,セイブタマガワセン,西武多摩川線,Seibu Tamagawa Line,西武多摩川线,세이부 다마가와선,F17900,オレンジ,2,SW,,,F17900,,,HALF_SQUARE_DARK_TEXT,,,139.5135317,35.67702828,13,0,22012
23001,13,京成本線,ケイセイホンセン,京成本線,Keisei Main Line,京成本线,게이세이 본선,005AAA,紺,2,KS,,,005AAA,,,KEISEI,,,140.0722625,35.72628887,10,0,23001
23002,13,京成押上線,ケイセイオシアゲセン,京成押上線,Keisei Oshiage Line,京成押上线,게이세이 오시아게선,F172AC,ピンク,2,KS,A,,005AAA,E85298,,KEISEI,ROUND,,139.8417658,35.73700035,13,0,23002
23003,13,京成金町線,ケイセイカナマチセン,京成金町線,Keisei Kanamachi Line,京成金町线,게이세이 가나마치선,005AAA,紺,2,KS,,,005AAA,,,KEISEI,,,139.8685851,35.76122201,14,0,23003
23004,13,京成千葉線,ケイセイチバセン,京成千葉線,Keisei Chiba Line,京成千叶线,게이세이 지바선,AA5E51,茶,2,KS,,,005AAA,,,KEISEI,,,140.0661343,35.65068345,12,0,23004
23005,13,京成千原線,ケイセイチハラセン,京成千原線,Keisei Chihara Line,京成千原线,게이세이 지하라선,AA5E51,茶,2,KS,,,005AAA,,,KEISEI,,,140.1401424,35.57885231,12,0,23005
23006,13,成田スカイアクセス,ナリタスカイアクセス,京成成田空港線,Keisei Narita Airport Line,京成成田机场线,게이세이 나리타 공항선,FF6600,オレンジ,2,KS,HS,,005AAA,3333FF,,KEISEI,KEISEI,,140.04558,35.7834747,10,0,23006
24001,14,京王線,ケイオウセン,京王線,Keio Line,京王线,게이오선,CA0073,チェリーレッド,2,KO,,,CA0073,,,KEIO,,,139.5335769,35.67836429,11,0,24001
24002,14,京王相模原線,ケイオウサガミハラセン,京王相模原線,Keio Sagamihara Line,京王相模原线,게이오 사가미하라선,CA0073,チェリーレッド,2,KO,,,CA0073,,,KEIO,,,139.4375162,35.625847,12,0,24002
24003,14,京王高尾線,ケイオウタカオセン,京王高尾線,Keio Takao Line,京王高尾线,게이오 다카오선,CA0073,チェリーレッド,2,KO,,,CA0073,,,KEIO,,,139.3084367,35.6433159,13,0,24003
24004,14,京王競馬場線,ケイオウケイバジョウセン,京王競馬場線,Keio Keibajo Line,京王竞马场线,게이오 게이바조선,CA0073,チェリーレッド,2,KO,,,CA0073,,,KEIO,,,139.489623,35.66894537,14,0,24004
24005,14,京王動物園線,ケイオウドウブツエンセン,京王動物園線,Keio Dobutsuen Line,京王动物园线,게이오 도부쓰엔선,CA0073,チェリーレッド,2,KO,,,CA0073,,,KEIO,,,139.4099916,35.65746175,14,0,24005
24006,14,京王井の頭線,ケイオウイノガシラセン,京王井の頭線,Keio Inokashira Line,京王井之头线,게이오 이노카시라선,000088,インディゴブルー,2,IN,,,000088,,,KEIO,,,139.6349878,35.67668499,12,0,24006
24007,14,京王新線,ケイオウシンセン,京王新線,Keio New Line,京王新线,게이오 신선,CA0073,チェリーレッド,2,KO,,,CA0073,,,KEIO,,,139.6852505,35.68049853,14,0,24007
25001,15,小田急線,オダキュウセン,小田急小田原線,Odakyu Line,小田急线,오다큐선,2F79BC,ブルー,2,OH,,,2F79BC,,,ODAKYU,,,139.4347754,35.52853524,11,0,25001
25002,15,小田急江ノ島線,オダキュウエノシマセン,小田急江ノ島線,Odakyu Enoshima Line,小田急江之岛线,오다큐 에노시마선,2D8BD0,ブルー,2,OE,OH,,2F79BC,2F79BC,,ODAKYU,ODAKYU,,139.4497755,35.4357481,11,0,25002
25003,15,小田急多摩線,オダキュウタマセン,小田急多摩線,Odakyu Tama Line,小田急多摩线,오다큐 다마선,2D8BD0,ブルー,2,OT,OH,,2F79BC,2F79BC,,ODAKYU,ODAKYU,,139.4602937,35.61945835,13,0,25003
26001,16,東急東横線,トウキュウトウヨコセン,東急東横線,Tokyu Toyoko Line,东急东横线,도큐 도요코선,EE0011,赤,2,TY,,,EE0011,,,REVERSED_SQUARE,,,139.668326,35.58608049,11,0,26001
26002,16,東急目黒線,トウキュウメグロセン,東急目黒線,Tokyu Meguro Line,东急目黑线,도큐 메구로선,2C94B6,水色,2,MG,,,2C94B6,,,REVERSED_SQUARE,,,139.6783513,35.60375543,13,0,26002
26003,16,東急田園都市線,トウキュウデンエントシセン,東急田園都市線,Tokyu Den-en-toshi Line,东急田园都市线,도큐 덴엔토시선,018D54,緑,2,DT,,,018D54,,,REVERSED_SQUARE,,,139.5846592,35.58324215,11,0,26003
26004,16,東急大井町線,トウキュウオオイマチセン,東急大井町線,Tokyu Oimachi Line,东急大井町线,도큐 오이마치선,FD9A3D,オレンジ,2,OM,,,FD9A3D,,,REVERSED_SQUARE,,,139.6753762,35.60702724,12,0,26004
26005,16,東急池上線,トウキュウイケガミセン,東急池上線,Tokyu Ikegami Line,东急池上线,도큐 이케가미선,DE65B0,ピンク,2,IK,,,DE65B0,,,REVERSED_SQUARE,,,139.7062394,35.59393651,13,0,26005
26006,16,東急多摩川線,トウキュウタマガワセン,東急多摩川線,Tokyu Tamagawa Line,东急多摩川线,도큐 다마가와선,A3016E,ワイン,2,TM,,,A3016E,,,REVERSED_SQUARE,,,139.6874327,35.57244164,13,0,26006
26007,16,東急世田谷線,トウキュウセタガヤセン,東急世田谷線,Tokyu Setagaya Line,东急世田谷线,도큐 세타가야선,FCC70D,黄色,4,SG,,,FCC70D,,,REVERSED_SQUARE_DARK_TEXT,,,139.6525419,35.65319678,14,0,26007
26008,16,東急こどもの国線,トウキュウコドモノクニセン,東急こどもの国線,Tokyu Kodomonokuni Line,东急子供之国线,도큐 고도모노쿠니선,0068B7,青,2,KD,,,0068B7,,,REVERSED_SQUARE,,,139.4878591,35.54810976,14,0,26008
26009,16,東急新横浜線,トウキュウシンヨコハマセン,東急新横浜線,Tokyu Shin-yokohama Line,东急新横滨线,도큐 신요코하마선,890D84,紫,2,SH,,,890D84,,,REVERSED_SQUARE,,,139.636167,35.536639,13,0,26009
27001,17,京急本線,ケイキュウホンセン,京急本線,Keikyu Main Line,京急本线,게이큐 본선,00CCFF,水色,2,KK,A,,00CCFF,E85298,,KEIKYU,,,139.6654216,35.47001317,10,0,27001
27002,17,京急空港線,ケイキュウクウコウセン,京急空港線,Keikyu Airport Line,京急机场线,게이큐 공항선,00A53D,緑,2,KK,,,00CCFF,,,KEIKYU,,,139.7497837,35.55500125,13,0,27002
27003,17,京急大師線,ケイキュウダイシセン,京急大師線,Keikyu Daishi Line,京急大师线,게이큐 다이시선,716F70,グレー,2,KK,,,00CCFF,,,KEIKYU,,,139.7233,35.5356905,14,0,27003
27004,17,京急逗子線,ケイキュウズシセン,京急逗子線,Keikyu Zushi Line,京急逗子线,게이큐 즈시선,716F70,グレー,2,KK,,,00CCFF,,,KEIKYU,,,139.5988512,35.31470435,13,0,27004
27005,17,京急久里浜線,ケイキュウクリハマセン,京急久里浜線,Keikyu Kurihama Line,京急久里滨线,게이큐 구리하마선,716F70,グレー,2,KK,,,00CCFF,,,KEIKYU,,,139.6682823,35.2287079,12,0,27005
28001,18,銀座線,ギンザセン,東京メトロ銀座線,Ginza Line,银座线,긴자선,F39700,オレンジ,3,G,,,F39700,,,ROUND,,,139.7572081,35.68646095,13,0,28001
28002,18,丸ノ内線,マルノウチセン,東京メトロ丸ノ内線,Marunouchi Line,丸之内线,마루노우치선,E60012,レッド,3,M,Mb,,E60012,E60012,,ROUND,ROUND,,139.7004366,35.70518514,12,0,28002
28003,18,日比谷線,ヒビヤセン,東京メトロ日比谷線,Hibiya Line,日比谷线,히비야선,9CAEB7,シルバー,3,H,,,9CAEB7,,,ROUND,,,139.7679001,35.69469234,12,0,28003
28004,18,東西線,トウザイセン,東京メトロ東西線,Tozai Line,东西线,도자이선,00A7DB,スカイブルー,3,T,,,00A7DB,,,ROUND,,,139.8154913,35.68326533,11,0,28004
28005,18,千代田線,チヨダセン,東京メトロ千代田線,Chiyoda Line,千代田线,지요다선,009944,グリーン,3,C,,,009944,,,ROUND,,,139.7558612,35.72301167,12,0,28005
28006,18,有楽町線,ユウラクチョウセン,東京メトロ有楽町線,Yurakucho Line,有乐町线,유라쿠초선,C1A470,ゴールド,3,Y,,,C1A470,,,ROUND,,,139.7042043,35.73316552,11,0,28006
28008,18,半蔵門線,ハンゾウモンセン,東京メトロ半蔵門線,Hanzomon Line,半藏门线,한조몬선,9B7CB6,パープル,3,Z,,,9B7CB6,,,ROUND,,,139.7652271,35.68813211,12,0,28008
28009,18,南北線,ナンボクセン,東京メトロ南北線,Namboku Line,南北线,난보쿠선,00ADA9,エメラルド,3,N,,,00ADA9,,,ROUND,,,139.7343319,35.71029972,12,0,28009
28010,18,副都心線,フクトシンセン,東京メトロ副都心線,Fukutoshin Line,副都心线,후쿠토신선,BB641D,ブラウン,3,F,,,BB641D,,,ROUND,,,139.6866635,35.73144201,12,0,28010
29001,19,相鉄本線,ソウテツホンセン,相鉄本線,Sotetsu Main Line,相铁本线,소테쓰 본선,EB8020,オレンジ,2,SO,,,0967B4,,,REVERSED_SQUARE,,,139.5091433,35.46560375,11,0,29001
29002,19,相鉄いずみ野線,ソウテツイズミノセン,相鉄いずみ野線,Sotetsu Izumino Line,相铁泉野线,소테쓰 이즈미노선,0967B4,青,2,SO,,,0967B4,,,REVERSED_SQUARE,,,139.4964929,35.43154135,13,0,29002
29003,19,相鉄・JR直通線,ソウテツ・ジェイアールチョクツウセン,相鉄・JR直通線,Sotetsu-JR Link Line,相铁·JR直通线,소테츠·JR직통선,246EC1,青,2,SO,JS,JA,0967B4,E31F26,00B48D,REVERSED_SQUARE,SQUARE,SQUARE,139.5522708,35.57659819,11,0,29003
30001,20,名鉄名古屋本線,メイテツナゴヤホンセン,名鉄名古屋本線,Meitetsu Nagoya Main Line,名古屋本线,나고야 본선,FF0000,赤,2,NH,,,FF0000,,,HALF_SQUARE,,,137.0464891,35.09024466,10,0,30001
30002,20,名鉄豊川線,メイテツトヨカワセン,名鉄豊川線,Meitetsu Toyokawa Line,丰川线,도요카와 선,FF0000,赤,2,TK,NH,,FF0000,FF0000,,HALF_SQUARE,HALF_SQUARE,,137.3620843,34.82916687,13,0,30002
30003,20,名鉄西尾線,メイテツニシオセン,名鉄西尾線,Meitetsu Nishio Line,西尾线,니시오 선,339999,エメラルド,2,GN,NH,,339999,FF0000,,HALF_SQUARE,HALF_SQUARE,,137.07579,34.89567965,11,0,30003
30004,20,名鉄蒲郡線,メイテツガマゴオリセン,名鉄蒲郡線,Meitetsu Gamagori Line,蒲郡线,가마고리 선,339999,エメラルド,2,GN,NH,,339999,FF0000,,HALF_SQUARE,HALF_SQUARE,,137.1490535,34.83015508,12,0,30004
30005,20,名鉄三河線,メイテツミカワセン,名鉄三河線,Meitetsu Mikawa Line,三河线,미카와 선,000066,紺,2,MY,NH,,000066,FF0000,,HALF_SQUARE,HALF_SQUARE,,137.0397446,35.0278918,11,0,30005
30006,20,名鉄豊田線,メイテツトヨタセン,名鉄豊田線,Meitetsu Toyota Line,丰田线,도요타 선,00FF00,黄緑,2,TT,MY,,00FF00,000066,,HALF_SQUARE,HALF_SQUARE,,137.0949593,35.12029624,12,0,30006
30007,20,名鉄空港線,メイテツクウコウセン,名鉄空港線,Meitetsu Airport Line,机场线,쿠코 선,0033FF,青,2,TA,NH,,0033FF,FF0000,,HALF_SQUARE,HALF_SQUARE,,136.8275426,34.87838959,13,0,30007
30008,20,名鉄常滑線,メイテツトコナメセン,名鉄常滑線,Meitetsu Tokoname Line,常滑线,도코나메 선,0033FF,青,2,TA,NH,,0033FF,FF0000,,HALF_SQUARE,HALF_SQUARE,,136.8720209,35.05218409,11,0,30008
30009,20,名鉄河和線,メイテツコウワセン,名鉄河和線,Meitetsu Kowa Line,河和线,고와 선,33FFFF,水色,2,KC,TA,,33FFFF,0033FF,,HALF_SQUARE,HALF_SQUARE,,136.9060466,34.92375177,11,0,30009
30010,20,名鉄知多新線,メイテツチタシンセン,名鉄知多新線,Meitetsu Chitashin Line,知多新线,지타 신선,33FFFF,水色,2,KC,TA,,33FFFF,0033FF,,HALF_SQUARE,HALF_SQUARE,,136.8807923,34.80481608,12,0,30010
30011,20,名鉄築港線,メイテツチッコウセン,名鉄築港線,Meitetsu Chikko Line,筑港线,짓코 선,0033FF,青,2,CH,TA,,0033FF,0033FF,,HALF_SQUARE,HALF_SQUARE,,136.9056632,35.0918768,14,0,30011
30012,20,名鉄瀬戸線,メイテツセトセン,名鉄瀬戸線,Meitetsu Seto Line,濑户线,세토 선,990099,紫,2,ST,,,990099,,,HALF_SQUARE,,,136.9925433,35.20783035,11,0,30012
30013,20,名鉄津島線,メイテツツシマセン,名鉄津島線,Meitetsu Shima Line,津岛线,쓰시마 선,FF9933,オレンジ,2,TB,NH,,FF9933,FF0000,,HALF_SQUARE,HALF_SQUARE,,136.778182,35.19835631,12,0,30013
30014,20,名鉄尾西線,メイテツビサイセン,名鉄尾西線,Meitetsu Bisai Line,尾西线,비사이 선,FF9933,オレンジ,2,TB,BS,NH,FF9933,FF9933,FF0000,HALF_SQUARE,HALF_SQUARE,HALF_SQUARE,136.7443573,35.24366672,11,0,30014
30015,20,名鉄犬山線,メイテツイヌヤマセン,名鉄犬山線,Meitetsu Inuyama Line,犬山线,이누야마 선,006633,緑,2,IY,NH,,006633,FF0000,,HALF_SQUARE,HALF_SQUARE,,136.8898647,35.31165711,11,0,30015
30016,20,名鉄各務原線,メイテツカカミガハラセン,名鉄各務原線,Meitetsu Kagamihara Line,各务原线,가카미가하라 선,006633,緑,2,KG,IY,,006633,006633,,HALF_SQUARE,HALF_SQUARE,,136.8532538,35.40320428,12,0,30016
30017,20,名鉄広見線,メイテツヒロミセン,名鉄広見線,Meitetsu Hiromi Line,广见线,히로미 선,006633,緑,2,HM,IY,,006633,006633,,HALF_SQUARE,HALF_SQUARE,,137.0289762,35.41784153,12,0,30017
30018,20,名鉄小牧線,メイテツコマキセン,名鉄小牧線,Meitetsu Komaki Line,小牧线,고마키 선,FFCCFF,ピンク,2,KM,IY,,FFCCFF,006633,,HALF_SQUARE,HALF_SQUARE,,136.9396133,35.29631352,12,0,30018
30019,20,犬山モノレール,イヌヤマモノレール,名鉄モンキーパークモノレール線,Inuyama Monorail,,,808080,グレー,5,,,,,,,,,,136.9511615,35.39061782,15,2,30019
30020,20,名鉄竹鼻線,メイテツタケハナセン,名鉄竹鼻線,Meitetsu Takehana Line,竹鼻线,다케하나 선,CC6633,茶,2,TH,NH,,CC6633,FF0000,,HALF_SQUARE,HALF_SQUARE,,136.7325031,35.34935108,13,0,30020
30021,20,名鉄羽島線,メイテツハシマセン,名鉄羽島線,Meitetsu Hashima Line,羽岛线,하시마 선,CC6633,茶,2,TH,NH,,CC6633,FF0000,,HALF_SQUARE,HALF_SQUARE,,136.693134,35.31404976,14,0,30021
31001,21,近鉄難波線,キンテツナンバセン,近鉄難波線,Kintetsu Namba Line,,,008000,緑,2,A,,,d21644,,,KINTETSU,,,135.5271582,34.66336378,12,0,31001
31002,21,近鉄橿原線,キンテツカシハラセン,近鉄橿原線,Kintetsu Kashihara Line,,,DEA83F,紫,2,B,,,FAB202,,,KINTETSU,,,135.7855105,34.59665269,11,0,31002
31003,21,近鉄南大阪線,キンテツミナミオオサカセン,近鉄南大阪線,Kintetsu Minami-Osaka Line,,,FF1493,ピンク,2,F,,,028E46,,,KINTETSU,,,135.653052,34.57245205,11,0,31003
31004,21,近鉄養老線,キンテツヨウロウセン,近鉄養老線,Kintetsu Yoro Line,,,228b22,グレー,2,,,,,,,,,,136.6320124,35.25923222,10,2,31004
31005,21,近鉄大阪線,キンテツオオサカセン,近鉄大阪線,Kintetsu Osaka Line,,,4694d1,青,2,D,,,4694d1,,,KINTETSU,,,135.872054,34.61556505,10,0,31005
31006,21,近鉄伊賀線,キンテツイガセン,近鉄伊賀線,Kintetsu Iga Line,,,808080,グレー,2,,,,,,,,,,136.1392827,34.73336053,12,2,31006
31007,21,近鉄吉野線,キンテツヨシノセン,近鉄吉野線,Kintetsu Yoshino Line,,,339932,緑,2,F,,,028E46,,,KINTETSU,,,135.794504,34.42943968,12,0,31007
31008,21,近鉄湯の山線,キンテツユノヤマセン,近鉄湯の山線,Kintetsu Yunoyama Line,,,339932,緑,2,K,,,153F97,,,KINTETSU,,,136.5443642,34.99419291,12,0,31008
31009,21,近鉄山田線,キンテツヤマダセン,近鉄山田線,Kintetsu Yamada Line,,,003399,青,2,M,,,00b3c1,,,KINTETSU,,,136.5903378,34.56980041,11,0,31009
31010,21,近鉄鳥羽線,キンテツトバセン,近鉄鳥羽線,Kintetsu Toba Line,,,339932,緑,2,M,,,00b3c1,,,KINTETSU,,,136.7727458,34.4838102,12,0,31010
31011,21,近鉄天理線,キンテツテンリセン,近鉄天理線,Kintetsu Tenri Line,,,339932,緑,2,H,,,FAB202,,,KINTETSU,,,135.8037012,34.602763,13,0,31011
31012,21,近鉄道明寺線,キンテツドウミョウジセン,近鉄道明寺線,Kintetsu Domyoji Line,,,1B904A,緑,2,N,,,028E46,,,KINTETSU,,,135.6220294,34.58011802,14,0,31012
31013,247,内部線,ウツベセン,内部線,Utsube Line,,,003399,青,2,,,,,,,,,,136.6051365,34.94951463,13,0,31013
31014,247,八王子線,ハチオウジセン,八王子線,Hachioji Line,,,003399,青,2,,,,,,,,,,136.6077976,34.95820819,14,0,31014
31015,21,近鉄志摩線,キンテツシマセン,近鉄志摩線,Kintetsu Shima Line,,,FF00FF,ピンク,2,M,,,00B3C1,,,KINTETSU,,,136.8269031,34.40319761,11,0,31015
31016,21,近鉄生駒線,キンテツイコマセン,近鉄生駒線,Kintetsu Ikoma Line,,,F6160D,赤,2,G,,,d21644,,,KINTETSU,,,135.7029186,34.65409575,13,0,31016
31017,21,近鉄田原本線,キンテツタワラモトセン,近鉄田原本線,Kintetsu Tawaramoto Line,,,003399,青,2,I,,,FAB202,,,KINTETSU,,,135.743514,34.57463758,13,0,31017
31018,21,近鉄御所線,キンテツゴセセン,近鉄御所線,Kintetsu Gose Line,,,F6160D,赤,2,P,,,028E46,,,KINTETSU,,,135.7248733,34.48800185,13,0,31018
31019,21,近鉄鈴鹿線,キンテツスズカセン,近鉄鈴鹿線,Kintetsu Suzuka Line,,,FF9900,オレンジ,2,L,,,153F97,,,KINTETSU,,,136.5827958,34.87798499,13,0,31019
31020,21,近鉄奈良線,キンテツナラセン,近鉄奈良線,Kintetsu Nara Line,,,B33249,緑,2,A,,,d21644,,,KINTETSU,,,135.6903788,34.68769268,11,0,31020
31021,21,近鉄信貴線,キンテツシギセン,近鉄信貴線,Kintetsu Shigi Line,,,339932,緑,2,J,,,4694d1,,,KINTETSU,,,135.632634,34.62506252,14,0,31021
31022,21,近鉄長野線,キンテツナガノセン,近鉄長野線,Kintetsu Nagano Line,,,003399,青,2,O,,,028E46,,,KINTETSU,,,135.5986759,34.50049475,12,0,31022
31023,21,近鉄けいはんな線,キンテツケイハンナセン,近鉄けいはんな線,Kintetsu Keihanna Line,,,019A66,緑,2,C,,,32cd32,,,KINTETSU,,,135.6758638,34.69894594,12,0,31023
31024,21,西信貴ケーブル,ニシシギケーブル,近鉄西信貴鋼索線,Nishishigi Cable,,,dddddd,グレー,0,Z,,,dd9966,,,KINTETSU,,,135.647956,34.61767063,15,0,31024
31025,21,近鉄京都線,キンテツキョウトセン,近鉄京都線,Kintestu Kyoto Line,,,DEA83F,紫,2,B,,,FAB202,,,KINTETSU,,,135.7855993,34.85398933,11,0,31025
31026,21,生駒ケーブル,イコマケーブル,近鉄生駒鋼索線,Ikoma Cable,,,AA8861,グレー,0,Y,,,dd9966,,,KINTETSU,,,135.688804,34.6858188,14,0,31026
31027,21,近鉄名古屋線,キンテツナゴヤセン,近鉄名古屋線,Kintetsu Nagoya Line,,,5E34F8,紫,2,E,,,153F97,,,KINTETSU,,,136.643873,34.94306111,10,0,31027
32001,22,南海本線,ナンカイホンセン,南海本線,Nankai Main Line,,,3366CC,青,2,NK,,,000000,,,NANKAI,,,135.3620307,34.49540979,10,0,32001
32002,22,南海空港線,ナンカイクウコウセン,南海空港線,Nankai Airport Line,,,996699,紫,2,NK,,,000000,,,NANKAI,,,135.2840674,34.42306792,12,0,32002
32003,22,南海和歌山港線,ナンカイワカヤマコウセン,南海和歌山港線,Nankai Wakayamako Line,,,3366CC,青,2,NK,,,000000,,,NANKAI,,,135.1551397,34.23138086,13,0,32003
32004,22,南海高師浜線,ナンカイタカシノハマセン,南海高師浜線,Nankai Takashinohama Line,,,3366CC,青,2,NK,,,000000,,,NANKAI,,,135.4387343,34.53069292,15,0,32004
32005,22,南海加太線,ナンカイカダセン,南海加太線,Nankai Kada Line,,,3366CC,青,2,NK,,,000000,,,NANKAI,,,135.1256245,34.26437499,12,0,32005
32006,22,南海多奈川線,ナンカイタナガワセン,南海多奈川線,Nankai Tanagawa Line,,,3366CC,青,2,NK,,,000000,,,NANKAI,,,135.1448043,34.31836786,14,0,32006
32007,22,南海高野線,ナンカイコウヤセン,南海高野線,Nankai Koya Line,,,009900,緑,2,NK,,,000000,,,NANKAI,,,135.5432731,34.46533853,9,0,32007
32008,22,南海高野山ケーブル,ナンカイコウヤサンケーブル,南海高野山ケーブル,Nankai Koyasan Cable,,,009900,緑,0,NK,,,000000,,,NANKAI,,,135.5799343,34.23156624,15,0,32008
32009,22,南海汐見橋線,ナンカイシオミバシセン,南海汐見橋線,Nankai Shiomibashi Line,,,009900,緑,2,NK,,,000000,,,NANKAI,,,135.4864027,34.64835159,13,0,32009
33001,23,京阪本線,ケイハンホンセン,京阪本線,Keihan Main Line,,,66CC33,黄緑,2,KH,,,1d2088,,,KEIHAN,,,135.6705644,34.84957679,10,0,33001
33002,23,京阪宇治線,ケイハンウジセン,京阪宇治線,Keihan Uji Line,,,00AE00,緑,2,KH,,,1d2089,,,KEIHAN,,,135.7868899,34.91898738,13,0,33002
33003,23,京阪交野線,ケイハンカタノセン,京阪交野線,Keihan Katano Line,,,00AE00,緑,2,KH,,,1d2090,,,KEIHAN,,,135.6678686,34.79400316,13,0,33003
33004,23,京阪鴨東線,ケイハンオウトウセン,京阪鴨東線,Keihan Oto Line,,,00AE00,緑,2,KH,,,1d2091,,,KEIHAN,,,135.772187,35.02313234,14,0,33004
33005,23,石清水八幡宮参道ケーブル,イワシミズハチマングウサンドウケーブル,京阪鋼索線,Iwashimizuhachiman Sando Cable,,,DBA75A,オレンジ,0,,,,,,,,,,135.6997063,34.88334886,16,0,33005
33006,23,京阪石山坂本線,ケイハンイシヤマサカモトセン,京阪石山坂本線,Keihan Ishiyama Sakamoto Line,,,009933,グリーン,4,OT,,,1d2091,,,KEIHAN,,,135.8736875,35.02135481,12,0,33006
33007,23,京阪京津線,ケイハンケイシンセン,京阪京津線,Keihan Keishin Line,,,FFCC00,黄色,4,OT,T,,1d2091,FF4500,,KEIHAN,REVERSED_ROUND,,135.8351757,35.00559948,13,0,33007
33008,23,京阪中之島線,ケイハンナカノシマセン,京阪中之島線,Keihan Nakanoshima Line,,,00AE00,緑,2,KH,,,1d2088,,,KEIHAN,,,135.5004281,34.69339585,14,0,33008
34001,24,阪急神戸本線,ハンキュウコウベホンセン,阪急神戸本線,Hankyu Kobe Main Line,,,0000FF,青,2,HK,,,007ac4,,,HANKYU,,,135.3535625,34.73581893,11,0,34001
34002,24,阪急宝塚本線,ハンキュウタカラヅカホンセン,阪急宝塚本線,Hankyu Takarazuka Main Line,,,FF00CC,黄緑,2,HK,,,f26627,,,HANKYU,,,135.4343471,34.78606114,12,0,34002
34003,24,阪急京都本線,ハンキュウタカラヅカホンセン,阪急京都本線,Hankyu Kyoto Main Line,,,33CC00,緑,2,HK,,,2a9b50,,,HANKYU,,,135.6107341,34.86050585,10,0,34003
34004,24,阪急今津線,ハンキュウイマヅセン,阪急今津線,Hankyu Imazu Line,,,0000FF,青,2,HK,,,007ac4,,,HANKYU,,,135.3546653,34.77069205,13,0,34004
34005,24,阪急甲陽線,ハンキュウコウヨウセン,阪急甲陽線,Hankyu Koyo Line,,,0000FF,青,2,HK,,,007ac4,,,HANKYU,,,135.3287615,34.75283869,14,0,34005
34006,24,阪急伊丹線,ハンキュウイタミセン,阪急伊丹線,Hankyu Itami Line,,,0000FF,青,2,HK,,,007ac4,,,HANKYU,,,135.4146048,34.77006123,14,0,34006
34007,24,阪急箕面線,ハンキュウミノオセン,阪急箕面線,Hankyu Mino Line,,,FF00CC,黄緑,2,HK,,,f26627,,,HANKYU,,,135.4602157,34.82297851,14,0,34007
34008,24,阪急千里線,ハンキュウセンリセン,阪急千里線,Hankyu Senri Line,,,33CC00,緑,2,HK,K,,2a9b50,814721,,HANKYU,REVERSED_ROUND,,135.5133937,34.77089106,12,0,34008
34009,24,阪急嵐山線,ハンキュウアラシヤマセン,阪急嵐山線,Hankyu Arashiyama Line,,,33CC00,緑,2,HK,,,2a9b50,,,HANKYU,,,135.6910954,34.99649849,14,0,34009
35001,25,阪神本線,ハンシンホンセン,阪神本線,Hanshin Main Line,,,FFA00E,オレンジ,2,HS,,,1f64b1,,,HANSHIN,,,135.3388145,34.72713809,11,0,35001
35002,25,阪神なんば線,ハンシンナンバセン,阪神なんば線,Hanshin Namba Line,,,6BB5E6,水色,2,HS,,,1f64b1,,,HANSHIN,,,135.454218,34.69437586,13,0,35002
35003,25,阪神武庫川線,ハンシンムコガワセン,阪神武庫川線,Hanshin Mukogawa Line,,,4A74B0,青,2,HS,,,1f64b1,,,HANSHIN,,,135.3792246,34.71224333,15,0,35003
36001,26,西鉄天神大牟田線,ニシテツテンジンオオムタセン,西鉄天神大牟田線,Nishitetsu Tenjin Omuta Line,,,1065ab,紺,2,,,,,,,,,,130.4695301,33.33736616,10,0,36001
36002,26,西鉄太宰府線,ニシテツダザイフセン,西鉄太宰府線,Nishitetsu Dazaifu Line,,,FD8A02,オレンジ,2,,,,,,,,,,130.525471,33.51078067,14,0,36002
36003,26,西鉄甘木線,ニシテツアマギセン,西鉄甘木線,Nishitetsu Amagi Line,,,1065ab,紺,2,,,,,,,,,,130.6000395,33.3745797,12,0,36003
36004,26,西鉄貝塚線,ニシテツカイヅカセン,西鉄貝塚線,Nishitetsu Kaizuka Line,,,1065ab,紺,2,,,,,,,,,,130.4465091,33.71197663,12,0,36004
99101,101,札幌市営地下鉄東西線,サッポロシエイチカテツトウザイセン,札幌市営地下鉄東西線,Sapporo Municipal Subway Tozai Line,,,FFA500,オレンジ,3,T,,,FFA500,,,ROUND,,,141.3772839,43.05654941,11,0,99101
99102,101,札幌市営地下鉄南北線,サッポロシエイチカテツトナンボクセン,札幌市営地下鉄南北線,Sapporo Municipal Subway Namboku Line,,,008000,グリーン,3,N,,,008000,,,ROUND,,,141.3433322,43.06454354,12,0,99102
99103,101,札幌市営地下鉄東豊線,サッポロシエイチカテツトウホウセン,札幌市営地下鉄東豊線,Sapporo Municipal Subway Toho Line,,,0080FF,スカイブルー,3,H,,,0080FF,,,ROUND,,,141.3730984,43.07195212,12,0,99103
99104,101,札幌市電山鼻線,サッポロシデンヤマハナセン,札幌市電山鼻線,Yamahana Streetcar Line,,,2A74BC,青,4,,,,,,,,,,141.3441983,43.04683982,14,0,99104
99105,102,函館市電２系統,ハコダテシデンニケイトウ,函館市電２系統,Hakodate Streetcar Route 2,,,004896,青,4,DY,Y,,004896,,,ROUND,,,140.7473852,41.78054066,13,0,99105
99106,102,函館市電５系統,ハコダテシデンゴケイトウ,函館市電５系統,Hakodate Streetcar Route 5,,,004896,青,4,DY,D,,004896,,,ROUND,,,140.7437262,41.77956913,13,0,99106
99107,103,ふるさと銀河線,フルサトギンガセン,北海道ちほく高原鉄道ふるさと銀河線,Furusato Ginga Line,,,B63238,赤,2,,,,,,,,,,143.6400361,43.42292395,9,2,99107
99108,248,道南いさりび鉄道線,ドウナンイサリビテツドウセン,道南いさりび鉄道線,South Hokkaido Railway Line,,,246DAC,ブルー,2,sh,H,,246DAC,0072BC,,REVERSED_ROUND,ROUND,,140.5858612,41.72930517,11,0,99108
99201,104,津軽鉄道線,ツガルテツドウセン,津軽鉄道線,Tsugaru Railway Line,,,8D8335,黄土,2,,,,,,,,,,140.4475315,40.89185142,11,0,99201
99202,105,弘南鉄道弘南線,コウナンテツドウコウナンセン,弘南鉄道弘南線,Konan Railway Konan Line,,,1E9B49,緑,2,,,,,,,,,,140.5487135,40.61175482,12,0,99202
99203,105,弘南鉄道大鰐線,コウナンテツドウオオワニセン,弘南鉄道大鰐線,Konan Railway Owani Line,,,F39918,オレンジ,2,,,,,,,,,,140.5090532,40.56021152,12,0,99203
99204,106,十和田観光電鉄,トワダカンコウデンテツ,十和田観光電鉄,Towada Kanko Electric Railway Line,,,2826FE,青,2,,,,,,,,,,141.2927017,40.64340823,12,2,99204
99205,107,いわて銀河鉄道線,イワテギンガテツドウセン,いわて銀河鉄道線,Iwate Galaxy Railway Line,,,003399,紺,2,,,,,,,,,,141.188052,40.0496578,10,0,99205
99206,108,青い森鉄道線,アオイモリテツドウセン,青い森鉄道線,Aoimori Railway Line,,,00FFFF,水色,2,,,,,,,,,,141.0521792,40.66322161,9,0,99206
99207,109,三陸鉄道北リアス線,サンリクテツドウキタリアスセン,三陸鉄道北リアス線,Sanriku Railway North Rias Line,,,EC6821,オレンジ,2,,,,,,,,,,141.8597993,39.91336094,10,2,99207
99208,109,三陸鉄道リアス線,サンリクテツドウリアスセン,三陸鉄道リアス線,Sanriku Railway Rias Line,,,EC6821,オレンジ,2,,,,,,,,,,141.8071144,39.68226415,9,0,99208
99209,110,秋田内陸線,アキタナイリクセン,秋田内陸縦貫鉄道秋田内陸線,Akita Nairiku Line,,,990000,あずき,2,,,,,,,,,,140.4689341,39.91759531,10,0,99209
99210,111,鳥海山ろく線,チョウカイサンロクセン,由利高原鉄道鳥海山ろく線,Chokai Sanroku Line,,,B5E61D,黄緑,2,,,,,,,,,,140.0943788,39.3150053,11,0,99210
99211,112,フラワー長井線,ヤマガタテツドウフラワーナガイセン,山形鉄道フラワー長井線,Flower Nagai Line,,,F892F4,ピンク,2,,,,,,,,,,140.082424,38.12608279,12,0,99211
99212,113,くりはら田園鉄道線,クリハラデンエンテツドウセン,くりはら田園鉄道線,Kurihara Den'en Railway Line,,,8E2229,赤,2,,,,,,,,,,141.0332668,38.81574935,11,2,99212
99213,114,阿武隈急行線,アブクマキュウコウセン,阿武隈急行線,Abukuma Express Line,,,37CB7F,緑,2,,,,,,,,,,140.6629175,37.9191756,11,0,99213
99214,115,仙台市営地下鉄南北線,センダイシエイチカテツナンボクセン,仙台市営地下鉄南北線,Sendai Subway Namboku Line,,,339966,緑,3,N,,,339966,,,ROUND,,,140.8799934,38.27625168,12,0,99214
99218,115,仙台市営地下鉄東西線,センダイシエイチカテツトウザイセン,仙台市営地下鉄東西線,Sendai Subway Tozai Line,,,00B1DD,青,3,T,,,00B1DD,,,ROUND,,,140.8881569,38.26109769,12,0,99214
99215,116,福島交通飯坂線,フクシマシエイコウツウイイザカセン,福島交通飯坂線,Fukushima Kotsu Iizaka Line,,,BFBFFF,藤色,2,,,,,,,,,,140.4531639,37.79516157,13,0,99215
99216,117,会津鉄道会津線,アイヅテツドウアイヅセン,会津鉄道会津線,Aizu Railway Aizu Line,,,265613,緑,2,,,,,,,,,,139.848048,37.28675951,10,0,99216
99217,118,仙台空港線,センダイクウコウセン,仙台空港鉄道仙台空港線,Sendai Airport Line,,,2A5CAA,ブルー,2,,,,,,,,,,140.9057989,38.16179524,13,0,99217
99301,119,都営大江戸線,トエイオオエドセン,都営大江戸線,Toei Oedo Line,都营大江户线,도에이 오에도선,B6007A,マゼンタ,3,E,,,B6007A,,,ROUND,,,139.7137042,35.70754623,12,0,99301
99302,119,都営浅草線,トエイアサクサセン,都営浅草線,Toei Asakusa Line,都营浅草线,도에이 아사쿠사선,E85298,ローズ,3,A,,,E85298,,,ROUND,,,139.7586038,35.66226194,12,0,99302
99303,119,都営三田線,トエイミタセン,都営三田線,Toei Mita Line,都营三田线,도에이 미타선,0079C2,ブルー,3,I,,,0079C2,,,ROUND,,,139.7032176,35.71883584,12,0,99303
99304,119,都営新宿線,トエイシンジュクセン,都営新宿線,Toei Shinjuku Line,都营新宿线,도에이 신주쿠선,6CBB5A,リーフ,3,S,,,6CBB5A,,,ROUND,,,139.809404,35.68917479,11,0,99304
99305,119,都電荒川線,トデンアラカワセン,都営都電荒川線,Tokyo Sakura Tram(Toden Arakawa Line),都电荒川线,도덴 아라카와선,B6007A,ルビー,4,SA,,,B6007A,,,REVERSED_ROUND,,,139.718928,35.711848,13,0,99305
99342,119,日暮里・舎人ライナー,ニッポリ・トネリライナー,日暮里・舎人ライナー,Nippori-Toneri Liner,日暮里-舍人线,닛포리·도네리 라이너,19681A,グリーン,5,NT,,,19681A,,,NTL,,,139.7694965,35.78182569,12,0,99305
99306,120,秩父鉄道秩父本線,チチブテツドウチチブホンセン,秩父鉄道秩父本線,Chichibu Railway Chichibu Main Line,秩父铁道秩父本线,지치부 철도 지치부 본선,5F67C8,青,2,CR,,,0054A6,,,ROUND,,,139.2068139,36.1009953,10,0,99306
99307,121,埼玉高速鉄道線,サイタマコウソクテツドウセン,埼玉高速鉄道線,Saitama Rapid Railway Line,埼玉高速铁道线,사이타마 고속 철도선,3565AD,ブルー,2,SR,,,3565AD,,,ROUND,,,139.727016,35.84233268,12,0,99307
99308,122,いすみ線,イスミセン,いすみ鉄道いすみ線,Isumi Line,夷隅线,이스미선,FFDC00,菜の花,2,,,,,,,,,,140.2913395,35.26741095,12,0,99308
99309,123,つくばエクスプレス,ツクバエクスプレス,首都圏新都市鉄道つくばエクスプレス,Tsukuba Express,筑波快线,쓰쿠바 익스프레스,273E6C,紺,2,TX,,,273E6C,,,REVERSED_SQUARE,,,139.9375093,35.90577191,10,0,99309
99310,124,みなとみらい線,ミナトミライセン,みなとみらい21線,Minatomirai Line,港未来线,미나토미라이선,013274,紺,2,MM,,,013274,,,REVERSED_SQUARE,,,139.6360988,35.45568264,14,0,99310
99311,125,ゆりかもめ,ユリカモメ,ゆりかもめ東京臨海新交通臨海線,Yurikamome,百合鸥,유리카모메,00418E,紺,5,U,,,00418E,,,REVERSED_ROUND,,,139.7749498,35.64286985,13,0,99311
99312,126,わたらせ渓谷線,ワタラセケイコクセン,わたらせ渓谷鐵道わたらせ渓谷線,Watarase Keikoku Line,渡良濑溪谷线,와타라세 계곡선,5B1511,あずき,2,WK,,,5B1511,,,ROUND,,,139.3507558,36.53324025,11,0,99312
99313,127,ユーカリが丘線,ユーガリガオカセン,山万ユーカリが丘線,Yukarigaoka Line,有加利丘线,유카리가오카선,30B474,エメラルド,5,,,,5B1511,,,ROUND,,,140.1530485,35.73088307,15,0,99313
99314,128,伊豆箱根鉄道大雄山線,イズハコネテツドウダイユウザンセン,伊豆箱根鉄道大雄山線,Izuhakone Railway Daiyuzan Line,伊豆箱根铁道大雄山线,이즈하코네 철도 다이유잔선,0D52A0,青,2,ID,,,0D52A0,,,REVERSED_ROUND,,,139.1309474,35.28939808,13,0,99314
99315,129,ひたちなか海浜鉄道湊線,ヒタチナカカイヒンテツドウミナトセン,ひたちなか海浜鉄道湊線,Hitachinaka Seaside Railway,常陆那珂海滨铁道凑线,히타치나카 해안철도 미나토선,A77718,黄,2,,,,,,,,,,140.5729552,36.37147623,12,0,99315
99316,130,ブルーライン,ブルーライン,横浜市高速鉄道1号線・3号線,Blue Line,蓝线,블루라인,006BF0,ブルー,3,B,,,006BF0,,,REVERSED_ROUND,,,139.5514823,35.4877675,11,0,99316
99343,130,グリーンライン,グリーンライン,横浜市高速鉄道4号線,Green Line,绿线,그린라인,40CC40,グリーン,3,G,,,40CC40,,,REVERSED_ROUND,,,139.5869369,35.5472458,13,0,99316
99317,131,金沢シーサイドライン,カナザワシーサイドライン,横浜新都市交通金沢シーサイドライン,Kanazawa Seaside Line,横滨海岸线,요코하마 시사이드라인,F68B1E,オレンジ,5,,,,,,,,,,139.6311443,35.36215675,13,0,99317
99318,132,関東鉄道常総線,カントウテツドウジョウソウセン,関東鉄道常総線,Kanto Railway Joso Line,关东铁道常总线,간토 철도 조소선,121892,紺,2,,,,,,,,,,139.9901393,36.11988505,10,0,99318
99319,132,関東鉄道竜ヶ崎線,カントウテツドウリュウガサキセン,関東鉄道竜ヶ崎線,Kanto Railway Ryugasaki Line,关东铁道龙崎线,간토 철도 류가사키선,121892,紺,2,,,,,,,,,,140.1573067,35.91893165,13,0,99319
99320,133,江ノ島電鉄線,エノシマデンテツセン,江ノ島電鉄線,Enoshima Electric Railway Line,江之岛电铁线,에노시마 전철선,209A3F,緑,2,,,,,,,,,,139.5124071,35.3260882,13,0,99320
99321,134,ニューシャトル,ニューシャトル,埼玉新都市交通伊奈線,New Shuttle,伊奈线,이나선,339999,シルバー,5,NS,,,339999,,,NEW_SHUTTLE,,,139.6162808,35.96269513,12,0,99321
99322,135,鹿島鉄道線,カシマテツドウセン,鹿島鉄道線,Kashima Railway Line,鹿岛鉄道线,카시마 철도선,CC0000,赤,2,,,,,,,,,,140.3911293,36.15897227,12,2,99322
99323,136,鹿島臨海鉄道大洗鹿島線,カシマリンカイテツドウオオアライカシマセン,鹿島臨海鉄道大洗鹿島線,Oarai Kashima Line,鹿岛临海铁道大洗鹿岛线,가시마 임해 철도 오아라이카시마선,3260C0,青,2,,,,,,,,,,140.5428336,36.18730568,10,0,99323
99324,137,芝山鉄道線,シバヤマテツドウセン,芝山鉄道線,Shibayama Railway Line,芝山铁道线,시바야마 철도선,33CC33,緑,2,SR,KS,,007F5A,005AAA,,KEISEI,KEISEI,,140.3923617,35.76356243,14,0,99324
99325,138,小湊鉄道線,コミナトテツドウセン,小湊鉄道線,Kominato Line,小凑铁道线,코미나토 철도선,DCBC9F,クリーム,2,,,,,,,,,,140.1273986,35.39584849,11,0,99325
99326,139,湘南モノレール,ショウナンモノレール,湘南モノレール,Shonan Monorail,湘南单轨电车,쇼난 모노레일,3E7AFF,青,5,SMR,,,000000,,,SMR,,,139.5102446,35.33223249,13,0,99326
99327,140,上信電鉄,ジョウシンデンテツ,上信電鉄,Joshin Dentetsu Line,上信电铁,조신 전철,457BC6,青,2,,,,,,,,,,138.9156343,36.26619008,11,0,99327
99328,141,上毛電気鉄道上毛線,ジョウモウデンキテツドウジョウモウセン,上毛電気鉄道上毛線,Jomo Line,上毛电气铁道上毛线,조모 전기 철도 조모선,9BE2D0,エメラルド,2,,,,,,,,,,139.1911683,36.41704838,11,0,99328
99329,142,新京成線,シンケイセイセン,新京成電鉄新京成線,Shin-Keisei Line,新京成线,신케이세이선,EF59A1,ジェントルピンク,2,SL,,,EF59A1,,,KEISEI,,,139.9704263,35.75905071,12,0,99329
99330,143,真岡鐵道真岡線,モオカテツドウモオカセン,真岡鐵道真岡線,Moka Line,真冈铁道真冈线,모카 철도 모카선,EE5B5B,赤,2,,,,,,,,,,140.0426815,36.44502033,11,0,99330
99331,144,千葉都市モノレール１号線,チバトシモノレールイチゴウセン,千葉都市モノレール１号線,Chiba Urban Monorail Line 1,千叶都市单轨电车1号线,지바 도시 모노레일 1호선,192198,紺,5,CM,,,3E8BAD,,,ROUND,,,140.1131079,35.60826509,14,0,99331
99332,144,千葉都市モノレール２号線,チバトシモノレールニゴウセン,千葉都市モノレール２号線,Chiba Urban Monorail Line 2,千叶都市单轨电车2号线,지바 도시 모노레일 2호선,192198,紺,5,CM,,,3E8BAD,,,ROUND,,,140.1410858,35.62639177,13,0,99332
99333,145,流鉄流山線,リュウテツナガレヤマセン,流鉄流山線,Ryutetsu Nagareyama Line,流铁流山线,류테츠나가레야마선,B58429,茶,2,RN,,,B58429,,,ROUND,,,139.9119926,35.83792664,13,0,99333
99334,146,多摩モノレール,タマモノレール,多摩都市モノレール線,Tama Toshi Monorail Line,多摩都市单轨电车线,다마 도시 모노레일선,FF6633,オレンジ,5,TT,,,37615E,,,SQUARE,,,139.4216985,35.69743141,12,0,99334
99335,147,銚子電鉄線,チョウシデンテツセン,銚子電気鉄道線,Choshi Electric Railway Line,铫子电气铁道线,조시 전기철도선,EDB37F,茶,2,CD,,,000000,,,SQUARE,,,140.8474032,35.71912821,13,0,99335
99336,148,東京モノレール,トウキョウモノレール,東京モノレール羽田空港線,Tokyo Monorail,东京单轨电车,도쿄 모노레일,003686,青紫,5,MO,,,003686,,,SQUARE,,,139.7632862,35.59102281,12,0,99336
99337,149,りんかい線,リンカイセン,東京臨海高速鉄道りんかい線,Rinkai Line,临海线,린카이선,00418E,紺,2,R,,,00418E,,,TWR,,,139.7661296,35.62373301,13,0,99337
99338,150,東葉高速線,トウヨウコウソクセン,東葉高速鉄道東葉高速線,Toyo Rapid Railway Line,东叶高速线,도요 고속선,66CC00,緑,2,TR,,,66CC00,,,ROUND,,,140.0380473,35.719061,12,0,99338
99339,151,箱根登山鉄道鉄道線,ハコネトザンテツドウテツドウセン,箱根登山鉄道鉄道線,Hakone Tozan Line,箱根登山铁道铁道线,하코네 등산 철도 철도선,F04A00,朱,2,OH,,,F04A00,,,HAKONE,,,139.099491,35.24597909,12,0,99339
99340,152,北総鉄道北総線,ホクソウテツドウホクソウセン,北総鉄道北総線,Hokuso Line,北总铁道北总线,호쿠소 철도 호쿠소선,3333FF,青,2,HS,KS,,3333FF,005AAA,,KEISEI,KEISEI,,140.037845,35.78346286,11,0,99340
99341,153,ほっとスパ・ライン,ホットスパライン,野岩鉄道会津鬼怒川線,Hot Spa Line,,,00733C,緑,2,,,,,,,,,,139.7013327,36.98733557,11,0,99341
99344,151,箱根登山ケーブルカー,ハコネトザンケーブルカー,箱根登山鉄道鋼索線,Hakone Tozan Cable Car,,,BE3C27,赤,0,,,,,,,,,,139.0414238,35.248167,15,0,99344
99401,154,富士急行線,フジキュウコウセン,富士急行線,Fujikyuko Line,,,E83917,オレンジ,2,,,,,,,,,,138.8607561,35.55367112,12,0,99401
99402,155,北越急行ほくほく線,ホクエツキュウコウホクホクセン,北越急行ほくほく線,Hokuhoku Line,,,CC3366,ワイン,2,,,,,,,,,,138.5909943,37.13966175,10,0,99402
99403,156,しなの鉄道線,シナノテツドウセン,しなの鉄道線,Shinano Railway Line,,,F0A401,黄,2,,,,,,,,,,138.3174292,36.41942391,10,0,99403
99427,156,北しなの線,キタシナノセン,北しなの線,Kita-Shinano Line,,,FEC9FE,ピンク,2,,,,,,,,,,138.2105017,36.75530604,11,0,99403
99404,157,上田電鉄別所線,ウエダデンテツベッショセン,上田電鉄別所線,Ueda Electric Railway Bessho Line,,,E0F3C7,黄緑,2,BE,,,0b2846,,,REVERSED_ROUND,,,138.2109223,36.37625258,13,0,99404
99405,158,長野電鉄長野線,ナガノデンテツナガノセン,長野電鉄長野線,Nagano Electric Railway Nagano Line,,,E21919,赤,2,N,,,E21919,,,REVERSED_ROUND_HORIZONTAL,,,138.3042523,36.7018593,11,0,99405
99406,158,長野電鉄屋代線,ナガノデンテツヤシロセン,長野電鉄屋代線,Nagano Electric Railway Yashiro Line,,,E21919,赤,2,Y,,,E21919,,,REVERSED_ROUND_HORIZONTAL,,,138.2119355,36.59924925,12,2,99406
99407,159,上高地線,カミコウチセン,アルピコ交通上高地線,Kamikochi Line,,,465daa,紺,2,AK,,,465daa,,,ROUND,,,137.8973825,36.21371738,12,0,99407
99408,160,富山地鉄本線,トヤマチテツホンセン,富山地鉄本線,Toyama Chiho Railway Main Line,,,1D1686,紺,2,T,,,,,,,,,137.3897613,36.78988244,11,0,99408
99409,160,富山地鉄立山線,トヤマチテツタテヤマセン,富山地鉄立山線,Toyama Chiho Railway Tateyama Line,,,008000,緑,2,T,,,,,,,,,137.3705508,36.63259704,12,0,99409
99410,160,富山地鉄不二越・上滝線,トヤマチテツフジコシ・カミダキセン,富山地鉄不二越・上滝線,Toyama Chiho Railway Fujikoshi-Kamidaki Line,,,7E490A,ゴールド,2,T,,,,,,,,,137.252526,36.65497801,12,0,99410
99411,161,神岡鉄道神岡線,カミオカテツドウカミオカセン,神岡鉄道神岡線,Kamioka Railway Kamioka Line,,,DC4C14,オレンジ,2,,,,,,,,,,137.2728078,36.40433317,12,2,99411
99412,162,黒部峡谷鉄道本線,クロベキョウコクテツドウホンセン,黒部峡谷鉄道本線,Kurobe Gorge Main Line,,,EE7700,オレンジ,2,,,,,,,,,,137.6293364,36.77139821,12,0,99412
99413,160,富山地鉄市内線【１・２系統】,トヤマチテツシナイセン,富山地鉄市内線,Toyama City Tram Line Route 1/2,,,EF1731,赤,4,C,,,,,,,,,137.2104899,36.68749219,14,0,99413
99422,160,富山地鉄富山都心線【３系統(環状線)】,トヤマチテツトヤマトシンセン,富山地鉄富山都心線,Toyama City Tram Line Route 3,,,4243BE,青,4,C,,,,,,,,,137.2128868,36.69553915,15,0,99413
99414,163,万葉線,マンヨウセン,万葉線,Manyo Line,,,FF0B4B,赤,4,,,,,,,,,,137.0519879,36.76865393,13,0,99414
99415,160,富山港線,トヤマコウセン,富山港線,Toyamako line,,,3698C4,青,4,C,,,,,,,,,137.23409,36.761212,13,0,99415
99416,165,北陸鉄道石川線,ホクリクテツドウイシカワセン,北陸鉄道石川線,Hokuriku Railroad Ishikawa Line,,,A9731E,茶,2,I,,,,,,,,,136.6276302,36.50748931,12,0,99416
99417,165,北陸鉄道浅野川線,ホクリクテツドウアサノガワセン,北陸鉄道浅野川線,Hokuriku Railroad Asanogawa Line,,,559652,緑,2,A,,,,,,,,,136.6412445,36.61101108,13,0,99417
99423,244,日本海ひすいライン,ニホンカイヒスイライン,日本海ひすいライン,Nihonkai Hisui Line,,,3782BD,日本海,2,,,,,,,,,,138.0056284,37.09275022,10,0,99417
99424,244,妙高はねうまライン,ミョウコウハネウマライン,妙高はねうまライン,Myoko Haneuma Line,,,35C98E,妙高,2,,,,,,,,,,138.0056284,37.09275022,10,0,99417
99425,245,あいの風とやま鉄道線,アイノカゼトヤマテツドウセン,あいの風とやま鉄道線,Ainokaze Toyama Railway Line,,,63C65E,緑,2,,,,,,,,,,137.2146129,36.68415994,10,0,99417
99426,246,IRいしかわ鉄道線,アイアールイシカワテツドウセン,IRいしかわ鉄道株式会社,IR Ishikawa Railway Line,,,25A6DF,水色,2,,,,,,,,,,136.8520641,36.66188604,10,0,99417
99418,166,のと鉄道七尾線,ノトテツドウナナオセン,のと鉄道七尾線,Noto Railway Nanao Line,,,1594EB,青,2,,,,,,,,,,136.9044154,37.12448507,11,0,99418
99419,167,えちぜん鉄道勝山永平寺線,エチゼンテツドウカツヤマエイヘイジセン,えちぜん鉄道勝山永平寺線,Echizen Railway Katsuyama Eiheiji Line,,,FD6802,オレンジ,2,E,,,,,,,,,136.3513615,36.08641898,11,0,99419
99420,167,えちぜん鉄道三国芦原線,エチゼンテツドウミクニアワラセン,えちぜん鉄道三国芦原線,Echizen Railway Mikuni Ashihara Line,,,0069FF,青,2,E,,,,,,,,,136.1919527,36.16279193,11,0,99420
99421,168,福井鉄道福武線,フクイテツドウフクブセン,福井鉄道福武線,Fukui Railway Fukutake Line,,,197A3D,緑,4,,,,,,,,,,136.2068054,36.01077557,12,0,99421
99501,169,伊豆急行線,イズキュウコウセン,伊豆急行線,Izu Kyuko Line,,,0085CD,青,2,,,,,,,,,,139.0415898,34.82442966,11,0,99501
99502,128,伊豆箱根鉄道駿豆線,イズハコネテツドウスンズセン,伊豆箱根鉄道駿豆線,Izuhakone Railway Sunzu Line,,,08746F,緑,2,,,,,,,,,,138.9315606,35.05660799,12,0,99502
99503,170,岳南鉄道線,ガクナンテツドウセン,岳南鉄道線,Gakunan Railway Line,,,6B0102,あずき,2,GD,,,,,,,,,138.7141214,35.15955767,13,0,99503
99504,171,静岡鉄道静岡清水線,シズオカテツドウシズオカシミズセン,静岡鉄道静岡清水線,Shizuoka Railway Shizuoka Shimizu Line,,,0063B5,青,2,S,,,,,,,,,138.4390581,34.99815891,12,0,99504
99505,172,天竜浜名湖線,テンリュウハマナコセン,天竜浜名湖鉄道天竜浜名湖線,Tenryu Hamanako Line,,,95805A,セピア,2,,,,,,,,,,137.7304712,34.82776372,10,0,99505
99506,173,遠州鉄道鉄道線,エンシュウテツドウテツドウセン,遠州鉄道鉄道線,Enshu Railway Line,,,0672B0,青,2,,,,,,,,,,137.7761985,34.7815717,12,0,99506
99507,174,大井川鐵道大井川本線,オオイガワテツドウオオイガワホンセン,大井川鐵道大井川本線,Oigawa Railway Oigawa Main Line,,,F5F5F5,シルバー,2,,,,,,,,,,138.1072522,34.96974307,11,0,99507
99508,174,南アルプスあぷとライン,ミナミアルプスアプトライン,大井川鐵道井川線,Oigawa Railway Ikawa Line,,,FFFFCC,クリーム,2,,,,,,,,,,138.1617609,35.16819152,12,0,99508
99509,175,あおなみ線,アオナミセン,西名古屋港線,Aonami Line,,,464285,紺,2,AN,,,464285,,,ROUND,,,136.8650634,35.12536651,12,0,99509
99510,176,東海交通事業城北線,トウカイコウツウジギョウジョウホクセン,東海交通事業城北線,Tokai Transport Service Johoku Line,,,FF6600,オレンジ,2,,,,,,,,,,136.8966625,35.22929996,13,0,99510
99511,177,愛知環状鉄道線,アイチカンジョウテツドウセン,愛知環状鉄道線,Aichi Loop Line,,,2A359D,紺,2,,,,,,,,,,137.1221882,35.12130634,10,0,99511
99512,178,リニモ,リニモ,東部丘陵線,Linimo,,,0D1F70,紺,5,L,,,,,,,,,137.0600158,35.17115619,13,0,99512
99513,179,名古屋市営地下鉄東山線,ナゴヤシエイチカテツヒガシヤマセン,名古屋市営地下鉄東山線,Nagoya Municipal Subway Higashiyama Line,,,FFCC00,菜種色,3,H,,,FFCC00,,,ROUND,,,136.9226337,35.16914033,12,0,99513
99514,179,名古屋市営地下鉄名城線,ナゴヤシエイチカテツメイジョウセン,名古屋市営地下鉄名城線,Nagoya Municipal Subway Meijo Line,,,9B74C1,藤色,3,M,,,9B74C1,,,ROUND,,,136.9328974,35.16054372,12,0,99514
99515,179,名古屋市営地下鉄名港線,ナゴヤシエイチカテツメイコウセン,名古屋市営地下鉄名港線,Nagoya Municipal Subway Meiko Line,,,9B74C1,藤色,3,E,,,9B74C1,,,ROUND,,,136.8896685,35.12510133,13,0,99515
99516,179,名古屋市営地下鉄鶴舞線,ナゴヤシエイチカテツツルマイセン,名古屋市営地下鉄鶴舞線,Nagoya Municipal Subway Tsurumai Line,,,04ACDD,水色,3,T,,,04ACDD,,,ROUND,,,136.9361169,35.17099011,12,0,99516
99517,179,名古屋市営地下鉄桜通線,ナゴヤシエイチカテツサクラドオリセン,名古屋市営地下鉄桜通線,Nagoya Municipal Subway Sakuradori Line,,,FF0000,赤,3,S,,,FF0000,,,ROUND,,,136.9382244,35.14066755,12,0,99517
99518,179,名古屋市営地下鉄上飯田線,ナゴヤシエイチカテツカミイイダセン,名古屋市営地下鉄上飯田線,Nagoya Municipal Subway Kamiida Line,,,FF66C4,桃色,3,K,,,FF66C4,,,ROUND,,,136.929713,35.20122208,15,0,99518
99519,180,ピーチライナー,ピーチライナー,桃花台新交通,Peach Liner,,,F9F9F9,シルバー,5,,,,,,,,,,136.9585551,35.29823353,13,2,99519
99520,181,豊橋鉄道渥美線,トヨハシテツドウアツミセン,豊橋鉄道渥美線,Toyohashi Railroad Atsumi Line,,,1A9B96,エメラルド,4,,,,,,,,,,137.3303607,34.70354168,12,0,99520
99521,181,豊橋鉄道東田本線,トヨハシテツドウアヅマダホンセン,豊橋鉄道東田本線,Toyohashi Railroad Azumada Main Line,,,1A9B96,エメラルド,4,,,,,,,,,,137.4057546,34.76500606,14,0,99521
99522,181,豊橋鉄道運動公園前線,トヨハシテツドウウンドウコウエンマエセン,豊橋鉄道運動公園前線,Toyohashi Railroad Yagyu-bashi Branch Line,,,1A9B96,エメラルド,4,,,,,,,,,,137.4220566,34.76186984,16,2,99522
99523,182,ゆとりーとライン,ユトリートライン,ガイドウェイバス志段味線,Yutorito Line,,,3C459A,紺,5,Y,,,3C459A,,,ROUND,,,136.9611979,35.20558123,13,0,99523
99524,183,明知鉄道明知線,アケチテツドウアケチセン,明知鉄道明知線,Akechi Railway Akechi Line,,,EFEFEF,シルバー,2,,,,,,,,,,137.4120125,35.38280304,12,0,99524
99525,184,長良川鉄道越美南線,ナガラガワテツドウエツミナンセン,長良川鉄道越美南線,Nagaragawa Railway Etsumi-Nan Line,,,FF1493,ぶどう色,2,,,,,,,,,,136.9272076,35.71007664,10,0,99525
99526,185,樽見鉄道樽見線,タルミテツドウタルミセン,樽見鉄道樽見線,Tarumi Railway Tarumi Line,,,097AD6,青,2,TR,,,,,,,,,136.6283188,35.51524594,11,0,99526
99528,186,三岐鉄道三岐線,サンギテツドウサンギセン,三岐鉄道三岐線,Sangi Railway Sanki Line,,,0D287C,紺,2,,,,,,,,,,136.544136,35.08747244,11,0,99528
99529,186,三岐鉄道北勢線,サンギテツドウホクセイセン,三岐鉄道北勢線,Sangi Railway Hokusei Line,,,0D287C,紺,2,,,,,,,,,,136.5984984,35.09462668,12,0,99529
99530,187,伊勢鉄道伊勢線,イセテツドウイセセン,伊勢鉄道伊勢線,Ise Railway Ise Line,,,0300FA,青,2,,,,,,,,,,136.5523658,34.83391616,12,0,99530
99531,188,伊賀鉄道伊賀線,イガテツドウイガセン,伊賀鉄道伊賀線,Iga Railway Iga Line,,,895b8a,古代紫,2,,,,,,,,,,136.1396261,34.73336053,12,0,99531
99532,189,養老鉄道養老線,ヨウロウテツドウヨウロウセン,養老鉄道養老線,Yoro Railway Yoro Line,,,ADDB8E,緑,2,,,,,,,,,,136.6223994,35.26596009,11,0,99532
99601,190,近江鉄道本線,オウミテツドウホンセン,近江鉄道本線,Ohmi Railway Main Line,,,DF8A28,オレンジ,2,OR,,,,,,,,,136.2109758,35.15504249,10,0,99601
99602,190,近江鉄道多賀線,オウミテツドウタガセン,近江鉄道多賀線,Ohmi Railway Taga Line,,,DF8A28,オレンジ,2,OR,,,,,,,,,136.2677014,35.23325261,14,0,99602
99603,190,近江鉄道八日市線,オウミテツドウヨウカイチセン,近江鉄道八日市線,Ohmi Railway Yokaichi Line,,,DF8A28,オレンジ,2,OR,,,,,,,,,136.1504219,35.11096374,13,0,99603
99604,191,信楽高原鐵道信楽線,シガラキコウゲンテツドウシガラキセン,信楽高原鐵道信楽線,Shigaraki Kogen Railway Shigaraki Line,,,FF6633,朱,2,,,,,,,,,,136.0938447,34.91316865,12,0,99604
99605,192,嵯峨野観光線,サガノカンコウセン,嵯峨野観光線,Sagano Scenic Railway,,,B22222,緋色,2,,,,,,,,,,135.6516844,35.02158814,12,0,99605
99606,193,叡山電鉄叡山本線,エイザンデンテツエイザンホンセン,叡山電鉄叡山本線,Eizan Electric Railway Eizan Main Line,,,007F00,緑,2,E,,,007F00,,,KEIHAN,,,135.7908797,35.05000422,13,0,99606
99607,193,叡山電鉄鞍馬線,エイザンデンテツクラマセン,叡山電鉄鞍馬線,Eizan Electric Railway Kurama Line,,,FF0000,赤,2,E,,,007F00,,,KEIHAN,,,135.7789774,35.08616881,13,0,99607
99608,194,宮福線,ミヤフクセン,宮福線,Miyafuku Line,,,429BE1,水,2,F,,,ea4f6f,,,REVERSED_SQUARE,,,135.1450786,35.42665061,11,0,99608
99609,194,宮豊線,ミヤトヨセン,宮豊線,Miyatoyo Line,,,FF4E6F,赤,2,T,,,ea4f6f,,,REVERSED_SQUARE,,,135.0214671,35.58009666,10,0,99609
99653,194,宮舞線,ミヤマイセン,宮舞線,Miyamai Line,,,B230D1,紫,0,M,,,ea4f6f,,,REVERSED_SQUARE,,,135.2654791,35.49972479,11,0,99609
99610,195,京都市営地下鉄烏丸線,キョウトシエイチカテツカラスマセン,京都市営地下鉄烏丸線,Kyoto Municipal Subway Karasuma Line,,,66CC99,緑色,3,K,,,66CC99,,,REVERSED_ROUND,,,135.7655673,35.01633354,12,0,99610
99611,195,京都市営地下鉄東西線,キョウトシエイチカテツトウザイセン,京都市営地下鉄東西線,Kyoto Municipal Subway Tozai Line,,,FF6600,朱,3,T,,,FF6600,,,REVERSED_ROUND,,,135.7661215,34.97917108,12,0,99611
99612,196,京福電鉄嵐山本線,ケイフクデンテツアラシヤマホンセン,京福電鉄嵐山本線,Keifuku Electric Railway Arashiyama Main Line,,,CC0033,あずき,4,A,,,CC0033,,,REVERSED_ROUND_HORIZONTAL,,,135.7102578,35.0127135,13,0,99612
99613,196,京福電鉄北野線,ケイフクデンテツキタノセン,京福電鉄北野線,Keifuku Electric Railway Kitano Line,,,6666CC,紫,4,B,A,,6666CC,CC0033,,REVERSED_ROUND_HORIZONTAL,,,135.7124019,35.02593705,14,0,99613
99614,197,北大阪急行電鉄,キタオオサカキュウコウデンテツ,北大阪急行電鉄,Kita Osaka Express Electric Railway,,,DD5B5C,赤,2,M,,,000080,,,REVERSED_ROUND,,,135.4954616,34.78992724,13,0,99614
99616,198,泉北高速鉄道線,センボクコウソクテツドウセン,泉北高速鉄道線,Semboku Rapid Railway,,,0099FF,水色,2,SB,,,0099FF,,,REVERSED_ROUND,,,135.4892352,34.50927756,12,0,99616
99617,199,水間鉄道水間線,ミズマテツドウミズマセン,水間鉄道水間線,Mizuma Railway Mizuma Line,,,005CB1,紺,2,,,,,,,,,,135.3691331,34.42801129,13,0,99617
99618,249,御堂筋線,オオサカメトロミドウスジセン,高速電気軌道第1号線,Midosuji Line,御堂筋线,미도스지선,e5171f,臙脂,3,M,,,e5171f,,,REVERSED_ROUND,,,135.5118377,34.67464546,11,0,99618
99619,249,谷町線,オオサカメトロタニマチセン,高速電気軌道第2号線,Tanimachi Line,谷町线,다니마치선,522886,京紫,3,T,,,522886,,,REVERSED_ROUND,,,135.5527319,34.67567108,12,0,99619
99620,249,四つ橋線,オオサカメトロヨツバシセン,高速電気軌道第3号線,Yotsubashi Line,四桥线,요쓰바시선,0078ba,縹,3,Y,,,0078ba,,,REVERSED_ROUND,,,135.4936511,34.65791996,13,0,99620
99621,249,中央線,オオサカメトロチュウオウセン,高速電気軌道第4号線,Chuo Line,中央线,주오선,019a66,緑,3,C,,,019a66,,,REVERSED_ROUND,,,135.4957468,34.66777349,12,0,99621
99622,249,千日前線,オオサカメトロセンニチマエセン,高速電気軌道第5号線,Sennichimae Line,千日前线,센니치마에선,e44d93,紅梅,3,S,,,e44d93,,,REVERSED_ROUND,,,135.5153002,34.6767151,13,0,99622
99623,249,堺筋線,オオサカメトロサカイスジセン,高速電気軌道第6号線,Sakaisuji Line,堺筋线,사카이스지선,814721,マルーン,3,K,,,814721,,,REVERSED_ROUND,,,135.5083,34.67762312,13,0,99623
99624,249,長堀鶴見緑地線,オオサカメトロナガホリツルミリョクチセン,高速電気軌道第7号線,Nagahori Tsurumi-ryokuchi Line,长堀鹤见绿地线,나가호리쓰루미료쿠치선,a9cc51,萌黄,3,N,,,a9cc51,,,REVERSED_ROUND,,,135.5382456,34.69274888,12,0,99624
99652,249,今里筋線,オオサカメトロイマザトスジセン,高速電気軌道第8号線,Imazatosuji Line,今里筋线,이마자토스지선,ee7b1a,柑子,3,I,,,ee7b1a,,,REVERSED_ROUND,,,135.5502239,34.71778192,13,0,99624
99625,249,南港ポートタウン線,オオサカメトロナンコウポートタウンセン,大阪市高速電気軌道南港ポートタウン線,Nanko Port Town Line,南港港城线,포트타운선,00a0de,セルリアンブルー,5,P,,,00a0de,,,REVERSED_ROUND,,,135.4409309,34.62838186,13,0,99625
99626,201,大阪モノレール線,オオサカモノレールセン,大阪モノレール線,Osaka Monorail Main Line,,,5058C3,青,5,,,,,,,,,,135.5244954,34.78906136,12,0,99626
99627,201,大阪モノレール彩都線,オオサカモノレールサイトセン,国際文化公園都市線,Osaka Monorail Saito Line,,,5058C3,青,5,,,,,,,,,,135.5270888,34.83077567,13,0,99627
99628,202,阪堺電軌上町線,ハンカイデンキウエマチセン,阪堺電軌上町線,Hankai Uemachi Line,,,083388,紺,4,HN,,,000000,,,SQUARE,,,135.504187,34.62745795,14,0,99628
99629,202,阪堺電軌阪堺線,ハンカイデンキハンカイセン,阪堺電軌阪堺線,Hankai Line,,,008947,緑,4,HN,,,000000,,,SQUARE,,,135.4809414,34.59887028,12,0,99629
99630,203,神戸高速東西線,コウベコウソクトウザイセン,神戸高速東西線,Kobe Rapid Transit Railway Tozai Line,,,2560A8,青,2,HS,HK,SY,2560A8,2560A8,F45757,HANSHIN,HANKYU,SANYO,135.1727403,34.67795666,13,0,99630
99631,203,神戸高速南北線,コウベコウソクナンボクセン,神戸高速南北線,Kobe Rapid Transit Railway Namboku Line,,,2560A8,青,2,KB,,,DD0033,,,HANSHIN,,,135.1673864,34.67788463,16,0,99631
99632,204,有馬線,アリマセン,神鉄有馬線,Arima Line,,,D53924,朱,2,KB,,,DD0033,,,HANSHIN,,,135.1850569,34.75245997,12,0,99632
99633,204,三田線,サンダセン,神鉄三田線,Sanda Line,,,D53924,朱,2,KB,,,DD0033,,,HANSHIN,,,135.2221379,34.85009861,12,0,99633
99634,204,公園都市線,コウエントシセン,神鉄公園都市線,Koen-Toshi Line,,,D53924,朱,2,KB,,,DD0033,,,HANSHIN,,,135.2068426,34.89567764,13,0,99634
99635,204,粟生線,アオセン,神鉄粟生線,Ao Line,,,D53924,朱,2,KB,,,DD0033,,,HANSHIN,,,135.0190351,34.79456506,11,0,99635
99636,211,北神線,ホクシンセン,神戸市営地下鉄北神線,Hokushin Line,,,D59A00,ゴールド,2,S,,,01AF98,,,SQUARE,,,135.17142,34.761691,12,0,99636
99637,206,山陽電鉄本線,サンヨウデンテツホンセン,山陽電鉄本線,Sanyo Electric Railway Main Line,,,F45757,赤,2,SY,,,ed1a3d,,,SANYO,,,134.8841417,34.74729359,10,0,99637
99638,206,山陽電鉄網干線,サンヨウデンテツアボシセン,山陽電鉄網干線,Sanyo Electric Railway Aboshi Line,,,F45757,赤,2,SY,,,ed1a3d,,,SANYO,,,134.628993,34.79619357,13,0,99638
99615,207,能勢電鉄妙見線,ノセデンテツミョウケンセン,能勢電鉄妙見線,Nose Electric Railway Myoken Line,,,B72142,あずき,2,NS,,,B72142,,,REVERSED_ROUND,,,135.4237989,34.87230522,12,0,99640
99640,207,能勢電鉄日生線,ノセデンテツニッセイセン,能勢電鉄日生線,Nose Electric Railway Nissei Line,,,B72142,あずき,2,NS,,,B72142,,,REVERSED_ROUND,,,135.402694,34.9008128,14,0,99640
99642,208,三木鉄道三木線,ミキテツドウミキセン,三木鉄道三木線,Miki Railway Miki Line,,,009CFF,水色,2,,,,,,,,,,134.9390908,34.79860467,13,2,99642
99643,209,北条鉄道北条線,ホウジョウテツドウホウジョウセン,北条鉄道北条線,Hojo Line,,,7564D3,青紫,2,,,,,,,,,,134.8638858,34.89497888,12,0,99643
99644,210,智頭急行智頭線,チズキュウコウチズセン,智頭急行智頭線,Chizu Express Chizu Line,,,000099,紺,2,,,,,,,,,,134.3268128,35.09441854,10,0,99644
99645,211,神戸市営地下鉄西神線,コウベシエイチカテツセイシンセン,神戸市営地下鉄西神線,Kobe Municipal Subway Seishin Line,,,01AF98,緑,3,S,,,01AF98,,,REVERSED_SQUARE_WEST,,,135.0688894,34.68307242,12,0,99645
99646,211,神戸市営地下鉄山手線,コウベシエイチカテツヤマテセン,神戸市営地下鉄山手線,Kobe Municipal Subway Yamate Line,,,01AF98,緑,3,S,,,01AF98,,,REVERSED_SQUARE_WEST,,,135.1714744,34.68032212,13,0,99646
99647,211,夢かもめ,ユメカモメ,神戸市営地下鉄海岸線,Kobe Municipal Subway Kaigan Line,,,0388C0,青,3,K,,,0388C0,,,REVERSED_SQUARE_WEST,,,135.1688599,34.67065905,13,0,99647
99648,212,ポートライナー,ポートライナー,神戸新交通ポートアイランド線,Port Liner,,,9686BD,紫,5,P,PL,,9686BD,9686BD,,REVERSED_SQUARE,REVERSED_SQUARE,,135.212604,34.67033354,13,0,99648
99649,212,六甲ライナー,ロッコウライナー,神戸新交通六甲アイランド線,Rokko Liner,,,9686BD,紫,5,R,,,9686BD,,,REVERSED_SQUARE,,,135.2677847,34.70298944,14,0,99649
99650,213,紀州鉄道線,キシュウテツドウセン,紀州鉄道線,Kishu Railway Line,,,081042,紺,2,,,,,,,,,,135.1561255,33.89542811,14,0,99650
99651,214,貴志川線,キシガワセン,和歌山電鐵貴志川線,Kishigawa Line,,,DA381B,赤,2,,,,,,,,,,135.2408019,34.22928668,12,0,99651
99701,215,若桜線,ワカサセン,若桜鉄道若桜線,Wakasa Line,,,FF2F1A,赤,2,,,,,,,,,,134.3023643,35.37899167,12,0,99701
99702,216,北松江線,キタマツエセン,一畑電車北松江線,Kita-Matsue Line,,,EB5C02,オレンジ,2,,,,,,,,,,132.8972022,35.45774737,11,0,99702
99703,216,大社線,タイシャセン,一畑電車大社線,Taisha Line,,,EB5C02,オレンジ,2,,,,,,,,,,132.7302839,35.38956501,12,0,99703
99704,217,水島本線,ミズシマホンセン,水島臨海鉄道水島本線,Mizushima Main Line,,,CCFFFF,水色,2,MR,,,CCFFFF,,,REVERSED_ROUND,,,133.7478599,34.56420735,13,0,99704
99705,218,井原線,イバラセン,井原鉄道井原線,Ibara Line,,,00AD66,グリーン,2,,,,,,,,,,133.5574914,34.61669576,11,0,99705
99706,219,東山線,ヒガシヤマセン,岡山電軌東山本線,Higashiyama Line,,,0A50A1,青,4,H,,,ef1731,,,ROUND,,,133.9315882,34.66244006,15,0,99706
99707,219,清輝橋線,セイキバシセン,岡山電軌清輝橋線,Seikibashi Line,,,9E49A1,紫,4,S,,,07502b,,,ROUND,,,133.9240087,34.6585708,15,0,99707
99708,220,スカイレールみどり坂線,スカイレールミドリザカセン,広島短距離交通瀬野線,Skyrail Midorizaka Line,,,F9F9F9,シルバー,5,,,,,,,,,,132.593324,34.42745864,15,0,99708
99709,221,アストラムライン,アストラムライン,広島高速交通広島新交通1号線,Astram Line,,,FFA500,オレンジ,5,,,,,,,,,,132.4335823,34.43909913,12,0,99709
99710,222,広電１号線(宇品線),ヒロデンイチゴウセン,広電１号線(宇品線),Hiroden Ujina Line,,,FF5900,オレンジ,4,M,U,,00a85f,0092d7,,REVERSED_ROUND_HORIZONTAL,REVERSED_ROUND_HORIZONTAL,,132.4635322,34.38007803,13,0,99710
99711,222,広電２号線(宮島線),ヒロデンニゴウセン,広電２号線(宮島線),Hiroden Miyajima Line,,,EF1731,赤,4,M,,,00a85f,,,REVERSED_ROUND_HORIZONTAL,,,132.3858272,34.37150722,12,0,99711
99712,222,広電３号線,ヒロデンサンゴウセン,広電３号線,Hiroden Streetcar Route 3,,,4243BE,青,4,U,M,,0092d7,00a85f,,,,,132.4524421,34.3815225,13,0,99712
99713,222,広電５号線(皆実線),ヒロデンゴゴウセン,広電５号線(皆実線),Hiroden Minami Line,,,00CC66,緑,4,M,H,U,00a85f,7dbf4c,0092d7,REVERSED_ROUND_HORIZONTAL,REVERSED_ROUND_HORIZONTAL,REVERSED_ROUND_HORIZONTAL,132.4676659,34.37814055,13,0,99713
99714,222,広電６号線(江波線),ヒロデンロクゴウセン,広電６号線(江波線),Hiroden Eba Line,,,FFCC00,黄,4,E,M,,fedb4f,008033,,REVERSED_ROUND_HORIZONTAL,REVERSED_ROUND_HORIZONTAL,,132.454292,34.38857229,14,0,99714
99715,222,広電７号線,ヒロデンナナゴウセン,広電７号線,Hiroden Streetcar Route 7,,,005A52,深緑,4,Y,M,U,ed8095,00a85f,0092d7,REVERSED_ROUND_HORIZONTAL,REVERSED_ROUND_HORIZONTAL,REVERSED_ROUND_HORIZONTAL,132.4528158,34.39504706,14,0,99715
99716,222,広電８号線(横川線),ヒロデンハチゴウセン,広電８号線(横川線),Hiroden Yokogawa Line,,,DF60AE,ピンク,4,Y,M,E,ed8095,00a85f,fedb4f,REVERSED_ROUND_HORIZONTAL,REVERSED_ROUND_HORIZONTAL,REVERSED_ROUND_HORIZONTAL,132.442765,34.39115629,14,0,99716
99717,222,広電９号線(白島線),ヒロデンキュウゴウセン,広電９号線(白島線),Hiroden Hakushima Line,,,797878,グレー,4,W,,,797878,,,REVERSED_ROUND_HORIZONTAL,,,132.4641667,34.40080872,15,0,99717
99718,223,錦川清流線,ニシキガワセイリュウセン,錦川鉄道錦川清流線,Nishikigawa Seiryu Line,,,E60010,赤,2,,,,,,,,,,132.0590467,34.20744595,11,0,99718
99801,224,阿波室戸シーサイドライン,アサムロトシーサイドライン,阿佐海岸鉄道阿佐東線,Awa-Muroto Seaside Line,,,a5aeb4,紺,2,AK,,,a5aeb4,,,ROUND,,,134.3112574,33.57350417,13,0,99801
99802,225,琴電琴平線,コトデンコトヒラセン,琴電琴平線,Kotoden Kotohira Line,,,FFD400,黄,2,K,,,FFD400,,,ROUND,,,133.962144,34.26212761,11,0,99802
99803,225,琴電長尾線,コトデンナガオセン,琴電長尾線,Kotoden Nagao Line,,,009966,グリーン,2,N,,,009966,,,ROUND,,,134.0973672,34.30701005,12,0,99803
99804,225,琴電志度線,コトデンシドセン,琴電志度線,Kotoden Shido Line,,,FF3366,ピンク,2,S,,,FF3366,,,ROUND,,,134.1165716,34.34515193,12,0,99804
99805,226,伊予鉄道郡中線,イヨテツドウグンチュウセン,伊予鉄道郡中線,Iyotetsu Gunchu Line,,,f15a22,黄色,2,IY,,,f15a22,,,REVERSED_ROUND,,,132.7298202,33.80853562,12,0,99805
99806,226,伊予鉄道高浜線,イヨテツドウタカハマセン,伊予鉄道高浜線,Iyotetsu Takahama Line,,,9acd32,黄緑,2,IY,,,9acd32,,,REVERSED_ROUND,,,132.7276955,33.86370357,13,0,99806
99807,226,伊予鉄道横河原線,イヨテツドウヨコガワラセン,伊予鉄道横河原線,Iyotetsu Yokogawara Line,,,00BBEE,水色,2,IY,,,00BBEE,,,REVERSED_ROUND,,,132.8235333,33.81259213,12,0,99807
99808,226,伊予鉄道環状線,イヨテツドウカンジョウセン,伊予鉄道１系統,Iyotetsu Route 1 Loop Line,,,CD6803,オレンジ,4,IY,,,CD6803,,,REVERSED_ROUND,,,132.7622371,33.84489562,14,0,99808
99809,226,伊予鉄道環状線,イヨテツドウカンジョウセン,伊予鉄道２系統,Iyotetsu Route 2 Loop Line,,,CD6803,オレンジ,4,IY,,,CD6803,,,REVERSED_ROUND,,,132.7626663,33.84375503,15,0,99809
99810,226,伊予鉄道市駅線,イヨテツドウシエキセン,伊予鉄道３系統,Iyotetsu Route 3,,,CD6803,オレンジ,4,IY,,,CD6803,,,REVERSED_ROUND,,,132.7722681,33.84300174,14,0,99810
99811,226,伊予鉄道松山駅前線,イヨテツドウマツヤマエキマエセン,伊予鉄道５系統,Iyotetsu Route 5,,,CD6803,オレンジ,4,IY,,,CD6803,,,REVERSED_ROUND,,,132.7686249,33.84361142,14,0,99811
99812,226,伊予鉄道本町線,イヨテツドウホンマチセン,伊予鉄道６系統,Iyotetsu Route 6,,,CD6803,オレンジ,4,IY,,,CD6803,,,REVERSED_ROUND,,,132.7694636,33.8480866,14,0,99812
99814,227,中村線,ナカムラセン,土佐くろしお鉄道中村線,Nakamura Line,,,32455C,グレー,2,TK,,,32455C,,,ROUND,,,133.0498857,33.09467023,11,0,99814
99815,227,宿毛線,スクモセン,土佐くろしお鉄道宿毛線,Sukumo Line,,,32455C,グレー,2,TK,,,32455C,,,ROUND,,,132.8310545,32.96260048,11,0,99815
99816,227,ごめん・なはり線,ゴメン・ナハリセン,土佐くろしお鉄道ごめん・なはり線,Gomen-Nahari Line,,,32455C,グレー,2,GN,,,a5aeb4,,,ROUND,,,133.8252165,33.51597712,11,0,99816
99817,228,ごめん線,ゴメンセン,土佐電鉄ごめん線,Gomen Line,,,2A9A38,緑,4,,,,,,,,,,133.5993362,33.56862859,13,0,99817
99818,228,伊野線,イノセン,土佐電鉄伊野線,Ino Line,,,2A9A38,緑,4,,,,,,,,,,133.4919017,33.55242239,12,0,99818
99819,228,桟橋線,サンバシセン,土佐電鉄桟橋線,Sambashi Line,,,2A9A38,緑,4,,,,,,,,,,133.5465588,33.55246841,14,0,99819
99901,229,甘木鉄道,アマギテツドウ,甘木鉄道,Amagi Railway,,,D43A2A,赤,2,,,,,,,,,,130.5881801,33.41617993,12,0,99901
99902,230,伊田線,イダセン,平成筑豊鉄道伊田線,Ida Line,,,FF9900,オレンジ,2,HC,,,FF9900,,,HALF_SQUARE,,,130.7604366,33.70085453,12,0,99902
99903,230,糸田線,イトダセン,平成筑豊鉄道糸田線,Itoda Line,,,99CC00,黄緑,2,HC,,,FF9900,,,HALF_SQUARE,,,130.7887319,33.65906881,13,0,99903
99904,230,田川線,タガワセン,平成筑豊鉄道田川線,Tagawa Line,,,4DBBFF,水色,2,,,,,,,,,,130.9010037,33.66604799,12,0,99904
99928,230,門司港レトロ観光線,モジコウレトロカンコウセン,平成筑豊鉄道門司港レトロ観光線,Mojiko Retro Scenic Line,,,476FC1,スカイブルー,2,,,,,,,,,,130.9659488,33.95269438,15,0,99904
99905,231,福岡市営地下鉄空港線,フクオカシエイチカテツクウコウセン,福岡市営地下鉄空港線,Fukuoka City Subway Airport Line,,,FFA500,オレンジ,3,K,,,FFA500,,,ROUND,,,130.3838128,33.59356837,12,0,99905
99906,231,福岡市営地下鉄箱崎線,フクオカシエイチカテツハコザキセン,福岡市営地下鉄箱崎線,Fukuoka City Subway Hakozaki Line,,,00BFFF,青,3,H,,,00BFFF,,,ROUND,,,130.4171163,33.61482657,14,0,99906
99907,231,福岡市営地下鉄七隈線,フクオカシエイチカテツナナクマセン,福岡市営地下鉄七隈線,Fukuoka City Subway Nanakuma Line,,,228B22,緑,3,N,,,228B22,,,ROUND,,,130.3667894,33.5670827,13,0,99907
99908,232,北九州モノレール,キタキュウシュウモノレール,北九州高速鉄道,Kitakyushu Monorail,,,40BFE8,青,5,,,,,,,,,,130.8735106,33.8560952,13,0,99908
99909,233,筑豊電気鉄道線,チクホウデンキテツドウセン,筑豊電気鉄道線,Chikuho Electric Railroad Line,,,e30075,紺,2,CK,,,e30075,,,HALF_SQUARE,,,130.7319842,33.824256,12,0,99909
99910,234,西九州線(有田～伊万里),ニシキュウシュウセン,松浦鉄道西九州線(有田～伊万里),Nishi-Kyushu Line(Arita to Imari),,,0080FF,青,2,,,,,,,,,,129.8679219,33.22886097,12,0,99910
99911,234,西九州線(伊万里～佐世保),ニシキュウシュウセン,松浦鉄道西九州線(伊万里～佐世保),Nishi-Kyushu Line(Imari to Sasebo),,,0080FF,青,2,,,,,,,,,,129.7346398,33.28337205,11,0,99911
99912,235,島原鉄道線,シマバラテツドウセン,島原鉄道線,Shimabara Railway Line,,,FEE633,黄色,2,,,,,,,,,,130.1919946,32.76827488,11,0,99912
99913,236,長崎電軌１系統,ナガサキデンキイチゴウケイトウ,長崎電軌１系統,Nagasaki Electric Tramway Route 1,,,4243BE,青,4,,,,,,,,,,129.8683887,32.76872904,13,0,99913
99914,236,長崎電軌３系統,ナガサキデンキサンゴウケイトウ,長崎電軌３系統,Nagasaki Electric Tramway Route 3,,,EF1731,赤,4,,,,,,,,,,129.8705408,32.76816252,13,0,99914
99915,236,長崎電軌４系統,ナガサキデンキヨンゴウケイトウ,長崎電軌４系統,Nagasaki Electric Tramway Route 4,,,FFCC00,黄,4,,,,,,,,,,129.8841648,32.7476046,15,0,99915
99916,236,長崎電軌５系統,ナガサキデンキゴゴウケイトウ,長崎電軌５系統,Nagasaki Electric Tramway Route 5,,,005A52,緑,4,,,,,,,,,,129.8816103,32.74553392,14,0,99916
99917,237,熊本電鉄本線,クマモトデンテツホンセン,熊本電鉄本線,Kumamoto Electric Railway Main Line,,,7B0D27,赤茶,2,KD,,,be302c,,,SQUARE,,,130.7298068,32.85062225,13,0,99917
99918,237,熊本電鉄上熊本線,クマモトデンテツカミクマモトセン,熊本電鉄上熊本線,Kumamoto Electric Railway Kami-Kumamoto Line,,,7B0D27,赤茶,2,KD,,,be302c,,,SQUARE,,,130.709079,32.82357091,14,0,99918
99919,238,高森線,タカモリセン,南阿蘇鉄道高森線,Takamori Line,,,138068,緑,2,,,,,,,,,,131.0451261,32.84393957,12,0,99919
99920,239,湯前線,ユノマエセン,くま川鉄道湯前線,Yunomae Line,,,153C36,深緑,2,,,,,,,,,,130.8811357,32.23914364,11,0,99920
99921,240,肥薩おれんじ鉄道線,ヒサツオレンジテツドウセン,肥薩おれんじ鉄道線,Hisatsu Orange Railway,,,FFA500,オレンジ,2,OR,,,FFA500,,,ROUND,,,130.3913727,32.16841797,10,0,99921
99922,241,熊本市電Ａ系統,クマモトシデンエーライン,熊本市電Ａ系統,Kumamoto City Tram Route A,,,FF0000,赤,4,A,,,FF0000,,,SQUARE,,,130.7221101,32.7910422,13,0,99922
99923,241,熊本市電Ｂ系統,クマモトシデンビーライン,熊本市電Ｂ系統,Kumamoto City Tram Route B,,,0000FF,青,4,B,,,0000FF,,,SQUARE,,,130.7203426,32.79798979,13,0,99923
99925,242,鹿児島市電１系統,カゴシマシデンイチケイトウ,鹿児島市電１系統,Kagoshima City Tram Route 1,,,4243BE,青,4,I,,,4243BE,,,REVERSED_ROUND,,,130.5431422,31.56371049,13,0,99925
99926,242,鹿児島市電２系統,カゴシマシデンニケイトウ,鹿児島市電２系統,Kagoshima City Tram Route 2,,,EF1731,赤,4,N,,,EF1731,,,REVERSED_ROUND,,,130.5507184,31.58154362,14,0,99926
99927,243,ゆいレール,ユイレール,沖縄都市モノレール線,Yui Rail,,,CC0000,赤,5,,,,,,,,,,127.6881091,26.21229379,13,0,99927