line_cd,company_cd,line_name,line_name_k,line_name_h,line_name_r,line_name_zh,line_name_ko,line_color_c,line_type,line_symbol_primary,line_symbol_secondary,line_symbol_extra,line_symbol_primary_color,line_symbol_secondary_color,line_symbol_extra_color,line_symbol_primary_shape,line_symbol_secondary_shape,line_symbol_extra_shape,e_status,e_sort
1001,3,中央新幹線,チュウオウシンカンセン,中央新幹線,Chuo Shinkansen,中央新干线,주오 신칸센,#000000,1,,,,,,,NOOP,,,1,1001
1002,3,東海道新幹線,トウカイドウシンカンセン,東海道新幹線,Tokaido Shinkansen,东海道新干线,도카이도 신칸센,#0000FF,1,,,,,,,NOOP,,,0,1002
1003,4,山陽新幹線,サンヨウシンカンセン,山陽新幹線,Sanyo Shinkansen,山阳新干线,산요 신칸센,#0000FF,1,,,,,,,NOOP,,,0,1003
1004,2,東北新幹線,トウホクシンカンセン,東北新幹線,Tōhoku Shinkansen,东北新干线,도호쿠 신칸센,#008000,1,,,,,,,NOOP,,,0,1004
1005,2,上越新幹線,ジョウエツシンカンセン,上越新幹線,Joetsu Shinkansen,上越新干线,조에쓰 신칸센,#008000,1,,,,,,,NOOP,,,0,1005
1006,2,上越新幹線,ジョウエツシンカンセン,上越新幹線,Joetsu Shinkansen,上越新干线(支线),조에쓰 신칸센(지선),#008000,1,,,,,,,NOOP,,,0,1006
1007,2,山形新幹線,ヤマガタシンカンセン,山形新幹線,Yamagata Shinkansen,山形新干线,야마가타 신칸센,#FFA030,1,,,,,,,NOOP,,,0,1007
1008,2,秋田新幹線,アキタシンカンセン,秋田新幹線,Akita Shinkansen,秋田新干线,아키타 신칸센,#FF0080,1,,,,,,,NOOP,,,0,1008
1009,2,北陸新幹線,ホクリクシンカンセン,北陸新幹線,Hokuriku Shinkansen,北陆新干线,호쿠리쿠 신칸센,#008000,1,,,,,,,NOOP,,,0,1009
1010,6,九州新幹線,キュウシュウシンカンセン,九州新幹線,Kyushu Shinkansen,九州新干线,규슈 신칸센,#FF0000,1,,,,,,,NOOP,,,0,1010
1011,1,北海道新幹線,ホッカイドウシンカンセン,北海道新幹線,Hokkaido Shinkansen,北海道新干线,홋카이도 신칸센,#6E5CA5,1,,,,,,,NOOP,,,0,1011
1012,6,西九州新幹線,ニシキュウシュウシンカンセン,西九州新幹線,Nishi-Kyushu Shinkansen,西九州新干线,니시큐슈 신칸센,#E10017,1,,,,,,,NOOP,,,0,1012
11101,1,函館本線,ハコダテホンセン,函館本線,Hakodate Main Line,函馆本线,하코다테 본선,#0072BC,2,H,N,,#0072BC,#0072BC,,ROUND,ROUND,,0,11101
11102,1,函館本線,ハコダテホンセン,函館本線,Hakodate Main Line,函馆本线,하코다테 본선,#ED1C23,2,S,H,,#ED1C23,#0072BC,,ROUND,ROUND,,0,11102
11103,1,函館本線,ハコダテホンセン,函館本線,Hakodate Main Line,函馆本线,하코다테 본선,#F7931D,2,A,H,,#F7931D,#0072BC,#000000,ROUND,ROUND,MONOCHROME_ROUND,0,11103
11104,1,室蘭本線,ムロランホンセン,室蘭本線,Muroran Main Line,室兰本线,무로란 본선,#0072BC,2,H,M,,#0072BC,#0072BC,,ROUND,ROUND,,0,11104
11105,1,室蘭本線,ムロランホンセン,室蘭本線,Muroran Main Line,室兰本线,무로란 본선,#808080,2,H,K,A,#0072BC,#8CC63E,#F7931D,ROUND,ROUND,ROUND,0,11105
11106,1,根室本線,ネムロホンセン,根室本線,Nemuro Main Line,根室本线,네무로 본선,#F6989D,2,T,K,A,#F6989D,#8CC63E,#F7931D,ROUND,ROUND,ROUND,0,11106
11107,1,根室本線,ネムロホンセン,根室本線,Nemuro Main Line,根室本线,네무로 본선,#8CC63E,2,K,,,#8CC63E,,,ROUND,,,0,11107
11108,1,花咲線,ハナサキセン,根室本線,Hanasaki Line,花咲线,하나사키선,#808080,2,K,B,,#8CC63E,#EF59A1,,ROUND,ROUND,,0,11108
11109,1,千歳線,チトセセン,千歳線,Chitose Line,千岁线,지토세선,#00B2EB,2,H,AP,,#0072BC,#00B2EB,#000000,ROUND,ROUND,MONOCHROME_ROUND,0,11109
11110,1,石勝線,セキショウセン,石勝線,Sekisho Main Line,石胜线,세키쇼선,#8CC63E,2,K,H,Y,#8CC63E,#0072BC,#8CC63E,ROUND,ROUND,ROUND,0,11110
11111,1,日高本線,ヒダカホンセン,日高本線,Hidaka Main Line,日高本线,히다카 본선,#808080,2,H,,,#0072BC,,,ROUND,,,0,11111
11112,1,札沼線,サッショウセン,札沼線,Sassho Line,札沼线,삿쇼선,#00A54F,2,G,S,,#00A54F,#ED1C23,#000000,ROUND,ROUND,MONOCHROME_ROUND,0,11112
11113,1,留萌本線,ルモイホンセン,留萌本線,Rumoi Main Line,留萌本线,루모이 본선,#808080,2,,,,,,,,,,0,11113
11114,1,富良野線,フラノセン,富良野線,Furano Line,富良野线,후라노선,#AA5EA6,2,F,A,T,#AA5EA6,#F7931D,#F6989D,ROUND,ROUND,ROUND,0,11114
11115,1,宗谷本線,ソウヤホンセン,宗谷本線,Soya Main Line,宗谷本线,소야 본선,#954A35,2,W,A,,#954A35,#F7931D,,ROUND,ROUND,,0,11115
11116,1,石北本線,セキホクホンセン,石北本線,Sekihoku Main Line,石北本线,세키호쿠 본선,#F7931D,2,A,,,#F7931D,,,ROUND,,,0,11116
11117,1,釧網本線,センモウホンセン,釧網本線,Senmo Main Line,钏网本线,센모 본선,#EF59A1,2,B,A,K,#EF59A1,#F7931D,#8CC63E,ROUND,ROUND,ROUND,0,11117
11118,1,海峡線,カイキョウセン,海峡線,Kaikyo Line,海峡线,가이쿄선,#808080,2,,,,,,,,,,0,11118
11119,1,江差線,エサシセン,江差線,Esashi Line,江差线,에사시선,#808080,2,,,,,,,,,,2,11119
11201,2,東北本線,トウホクホンセン,東北本線,Tohoku Main Line,东北本线,도호쿠 본선,#3CB371,2,,,,,,,,,,2,11201
11202,2,奥羽本線,オウウホンセン,奥羽本線,Ou Main Line,奥羽本线,오우 본선,#FF6600,2,,,,,,,,,,0,11202
11231,2,東北本線,トウホクホンセン,東北本線,Tohoku Main Line,东北本线,도호쿠 본선,#3CB371,2,,,,,,,,,,0,11202
11203,2,はまなすベイライン大湊線,ハマナスベイラインオオミナトセン,大湊線,Ominato Line,大凑线,오미나토선,#F1AA28,2,,,,,,,,,,0,11203
11204,2,五能線,ゴノウセン,五能線,Gono Line,五能线,고노선,#0000FF,2,,,,,,,,,,0,11204
11205,2,津軽線,ツガルセン,津軽線,Tsugaru Line,津轻线,쓰가루선,#00B2E5,2,,,,,,,,,,0,11205
11206,2,八戸線,ハチノヘセン,八戸線,Hachinohe Line,八户线,하치노헤선,#FF0000,2,,,,,,,,,,0,11206
11207,2,岩泉線,イワイズミセン,岩泉線,Iwaizumi Line,岩泉线,이와이즈미선,#808080,2,,,,,,,,,,2,11207
11208,2,ドラゴンレール大船渡線,ドラゴンレールオオフナトセン,大船渡線,Dragon Rail Ofunato Line,大船渡线,오후나토선,#FF6600,2,,,,,,,,,,0,11208
11209,2,銀河ドリームライン釜石線,ギンガドリームラインカマイシセン,釜石線,Ginga Dream Line Kamaishi Line,釜石线,가마이시선,#3399FF,2,,,,,,,,,,0,11209
11210,2,北上線,キタカミセン,北上線,Kitakami Line,北上线,기타카미선,#9966FF,2,,,,,,,,,,0,11210
11211,2,田沢湖線,タザワコセン,田沢湖線,Tazawako Line,田泽湖线,다자와코선,#CC00CC,2,,,,,,,,,,0,11211
11212,2,十和田八幡平四季彩ライン,トワダハチマンタイシキサイライン,花輪線,Towada-Hachimantai Shikisai Line,花轮线,하나와선,#FF0000,2,,,,,,,,,,0,11212
11213,2,山田線,ヤマダセン,山田線,Yamada Line,山田线,야마다선,#A52A2A,2,,,,,,,,,,0,11213
11214,2,羽越本線,ウエツホンセン,羽越本線,Uetsu Main Line,羽越本线,우에쓰 본선,#16C0E9,2,,,,,,,,,,0,11214
11215,2,男鹿線,オガセン,男鹿線,Oga Line,男鹿线,오가선,#008000,2,,,,,,,,,,0,11215
11216,2,山形線,ヤマガタセン,奥羽本線,Ou Main Line,奥羽本线,오우 본선,#FF6600,2,,,,,,,,,,0,11216
11217,2,仙山線,センザンセン,仙山線,Senzan Line,仙山线,센잔선,#77DD00,2,,,,,,,,,,0,11217
11218,2,フルーツライン左沢線,フルーツラインアテラザワセン,左沢線,Fruits Line Aterazawa Line,左泽线,아테라자와선,#87CEEB,2,,,,,,,,,,0,11218
11219,2,米坂線,ヨネサカセン,米坂線,Yonesaka Line,米坂线,요네사카선,#9E7EB9,2,,,,,,,,,,0,11219
11220,2,奥の細道最上川ライン,オクノホソミチモガミガワライン,陸羽西線,Oku no Hosomichi Mogamigawa Line,陆羽西线,리쿠우사이선,#32CD32,2,,,,,,,,,,0,11220
11221,2,奥の細道湯けむりライン,オクノホソミチユケムリライン,陸羽東線,Oku no Hosomichi Yukemuri Line,陆羽东线,리쿠우토선,#888888,2,,,,,,,,,,0,11221
11222,2,仙石線,センセキセン,仙石線,Senseki Line,仙石线,센세키선,#00AAEE,2,,,,,,,,,,0,11222
11223,2,石巻線,イシノマキセン,石巻線,Ishinomaki Line,石卷线,이시노마키선,#FF8888,2,,,,,,,,,,0,11223
11224,2,気仙沼線,ケセンヌマセン,気仙沼線,Kesennuma Line,气仙沼线,게센누마선,#6600CC,2,,,,,,,,,,0,11224
11225,2,磐越西線,バンエツサイセン,磐越西線,Ban'etsu West Line,磐越西线,반에쓰사이선,#CB7B35,2,,,,,,,,,,0,11225
11226,2,森と水とロマンの鉄道,モリトミズトロマンノテツドウ,磐越西線,Mori to Mizu to Roman no Tetsudo,磐越西线,반에쓰사이선,#CB7B35,2,,,,,,,,,,0,11226
11227,2,只見線,タダミセン,只見線,Tadami Line,只见线 ,다다미선,#008DD1,2,,,,,,,,,,0,11227
11228,2,ゆうゆうあぶくまライン,ユウユウアブクマライン,磐越東線,Yuyu Abukuma Line,磐越东线 ,반에쓰토선,#C71585,2,,,,,,,,,,0,11228
11229,2,常磐線,ジョウバンセン,常磐線,Joban Line,常磐线,조반선,#007AC0,2,JJ,,,#00B261,,,SQUARE,,,0,11229
11230,2,常磐線,ジョウバンセン,常磐線,Joban Line,常磐线,조반선,#007AC0,2,,,,,,,,,,0,11230
11301,2,東海道線,トウカイドウセン,東海道線,Tokaido Line,东海道线,도카이도선,#F68B1E,2,JT,,,#F68B1E,,,SQUARE,,,0,11301
11302,2,山手線,ヤマノテセン,山手線,Yamanote Line,山手线,야마노테선,#80C241,2,JY,,,#80C241,,,SQUARE,,,0,11302
11303,2,南武線,ナンブセン,南武線,Nambu Line,南武线,난부선,#FFD400,2,JN,,,#FFD400,,,SQUARE,,,0,11303
11304,2,鶴見線,ツルミセン,鶴見線,Tsurumi Line,鹤见线,쓰루미선,#FFD400,2,JI,,,#FFD400,,,SQUARE,,,0,11304
11305,2,武蔵野線,ムサシノセン,武蔵野線,Musashino Line,武藏野线,무사시노선,#F15A22,2,JM,,,#F15A22,,,SQUARE,,,0,11305
11306,2,横浜線,ヨコハマセン,横浜線,Yokohama Line,横滨线,요코하마선,#80C241,2,JH,,,#80C241,,,SQUARE,,,0,11306
11307,2,根岸線,ネギシセン,根岸線,Negishi Line,根岸线,네기시선,#00B2E5,2,JK,,,#00B2E5,,,SQUARE,,,0,11307
11308,2,横須賀線,ヨコスカセン,横須賀線,Yokosuka Line,横须贺线,요코스카선 ,#0067C0,2,JO,,,#0067C0,,,SQUARE,,,0,11308
11309,2,相模線,サガミセン,相模線,Sagami Line,相模线,사가미선,#009793,2,,,,,,,,,,0,11309
11311,2,中央本線,チュウオウホンセン,中央本線,Chuo Line,中央本线,주오 본선,#007AC0,2,JC,CO,,#F15A22,#007AC0,,SQUARE,SQUARE,,0,11311
11312,2,中央線,チュウオウセン,中央線,Chuo Line,中央线快速,츄오 쾌속선,#F15A22,2,JC,,,#F15A22,,,SQUARE,,,0,11312
11313,2,中央・総武線,チュウオウ・ソウブセン,中央・総武緩行線,Chuo-Sobu Line,中央・总武线,주오·소부선,#FFD400,2,JB,,,#FFD400,,,SQUARE,,,0,11313
11314,2,総武本線,ソウブホンセン,総武本線,Sobu Main Line,总武本线,소부 본선,#0067C0,2,JO,,,#0067C0,,,SQUARE,,,0,11314
11315,2,青梅線,オウメセン,青梅線,Ome Line,青梅线,오메선,#F15A22,2,JC,,,#F15A22,,,SQUARE,,,0,11315
11316,2,五日市線,イツカイチセン,五日市線,Itsukaichi Line,五日市线,이쓰카이치선,#F15A22,2,JC,,,#F15A22,,,SQUARE,,,0,11316
11317,2,八高線,ハチコウセン,八高線,Hachiko Line,八高线,하치코선,#A8A39D,2,,,,,,,,,,0,11317
11318,2,八高線,ハチコウセン,八高線,Hachiko Line,八高线,하치코선,#A8A39D,2,,,,,,,,,,0,11318
11319,2,宇都宮線,ウツノミヤセン,東北本線,Utsunomiya Line,宇都宫线,우쓰노미야선,#F68B1E,2,JU,,,#F68B1E,,,SQUARE,,,0,11319
11320,2,常磐線,ジョウバンセン,常磐線,Joban Line,常磐线,조반선,#00B261,2,JL,JJ,,#A2A9B1,#00B261,,SQUARE,SQUARE,,0,11320
11321,2,埼京線,サイキョウセン,埼京線,Saikyo Line,埼京线,사이쿄선,#00B48D,2,JA,,,#00B48D,,,SQUARE,,,0,11321
11322,2,川越線,カワゴエセン,川越線,Kawagoe Line,川越线,가와고에선,#00B48D,2,,,,,,,,,,0,11322
11323,2,高崎線,タカサキセン,高崎線,Takasaki Line,高崎线,다카사키선,#F68B1E,2,JU,,,#F68B1E,,,SQUARE,,,0,11323
11324,2,外房線,ソトボウセン,外房線,Sotobo Line,外房线,소토보선,#DB4028,2,,,,,,,,,,0,11324
11325,2,内房線,ウチボウセン,内房線,Uchibo Line,内房线,우치보선,#00B9F1,2,,,,,,,,,,0,11325
11326,2,京葉線,ケイヨウセン,京葉線,Keiyo Line,京叶线,게이요선,#C9242F,2,JE,JM,,#C9242F,#F15A22,,SQUARE,SQUARE,,0,11326
11327,2,成田線,ナリタセン,成田線,Narita Line,成田线,나리타선,#00B261,2,JO,,,#007AC0,,,SQUARE,,,0,11327
11328,2,成田エクスプレス,ナリタエクスプレス,成田エクスプレス,Narita Express,成田特快,나리타 익스프레스,#F61E21,2,,,,,,,,,,3,11328
11329,2,鹿島線,カシマセン,鹿島線,Kashima Line,鹿岛线,가시마선,#C56E2E,2,,,,,,,,,,0,11329
11330,2,久留里線,クルリセン,久留里線,Kururi Line,久留里线,구루리선,#00B5AD,2,,,,,,,,,,0,11330
11331,2,東金線,トウガネセン,東金線,Togane Line,东金线,도가네선,#F15A22,2,,,,,,,,,,0,11331
11332,2,京浜東北線,ケイヒントウホクセン,京浜東北線,Keihin-Tohoku Line,京滨东北线,게이힌 도호쿠선,#00B2E5,2,JK,,,#00B2E5,,,SQUARE,,,0,11332
11333,2,湘南新宿ライン,ショウナンシンジュクライン,湘南新宿ライン,Shonan-Shinjuku Line,湘南新宿线,쇼난 신주쿠 라인,#F68B1E,2,JS,,,#E31F26,,,SQUARE,,,0,11333
11343,2,上野東京ライン,ウエノトウキョウライン,上野東京ライン,Ueno-Tokyo Line,上野东京线,우에노 도쿄 라인,#8D2E90,2,JU,,,#F68B1E,,,SQUARE,,,0,11333
11334,2,烏山線,カラスヤマセン,烏山線,Karasuyama Line,乌山线,가라스야마선,#008000,2,,,,,,,,,,0,11334
11335,2,吾妻線,アヅマセン,吾妻線,Agatsuma Line,吾妻线,아가쓰마선,#0F5474,2,,,,,,,,,,0,11335
11337,2,信越本線,シンエツホンセン,信越本線,Shin’etsu Main Line,信越本线,신에쓰 본선,#9ACD32,2,,,,,,,,,,0,11337
11338,2,水郡線,スイグンセン,水郡線,Suigun Line,水郡线,스이군선,#008000,2,,,,,,,,,,0,11338
11339,2,水戸線,ミトセン,水戸線,Mito Line,水户线,미토선,#3333FF,2,,,,,,,,,,0,11339
11340,2,日光線,ニッコウセン,日光線,Nikko Line,日光线,닛코선,#880022,2,,,,,,,,,,0,11340
11341,2,両毛線,リョウモウセン,両毛線,Ryomo Line,两毛线,료모선,#FFD400,2,,,,,,,,,,0,11341
11342,2,上越線,ジョウエツセン,上越線,Joetsu Line,上越线,조에쓰선,#00B3E6,2,,,,,,,,,,0,11342
11401,2,小海線,コウミセン,小海線,Koumi Line,小海线,고우미선,#008000,2,,,,,,,,,,0,11401
11402,3,身延線,ミノブセン,身延線,Minobu Line,身延线,미노부선,#6F2D98,2,CC,,,#6F2D98,,,HALF_SQUARE_WITHOUT_ROUND,,,0,11402
11403,2,信越本線,シンエツホンセン,信越本線,Shin’etsu Main Line,信越本线,신에쓰 본선,#FFD400,2,,,,,,,,,,0,11403
11404,2,信越本線,シンエツホンセン,信越本線,Shin’etsu Main Line,信越本线,신에쓰 본선,#FFD400,2,,,,,,,,,,0,11404
11405,4,北陸本線,ホクリクホンセン,北陸本線,Hokuriku Main Line,北陆本线,호쿠리쿠 본선,#FFD400,2,,,,,,,,,,2,11405
11406,2,白新線,ハクシンセン,白新線,Hakushin Line,白新线,하쿠신선,#F387B7,2,,,,,,,,,,0,11406
11407,2,飯山線,イイヤマセン,飯山線,Iiyama Line,饭山线,이야마선,#7BC24B,2,,,,,,,,,,0,11407
11408,2,越後線,エチゴセン,越後線,Echigo Line,越后线,에치고선,#40934D,2,,,,,,,,,,0,11408
11409,2,北アルプス線,キタアルプスセン,大糸線,Kita Alps Line,大糸线,오이토선,#9370DB,2,,,,,,,,,,0,11409
11410,2,弥彦線,ヤヒコセン,弥彦線,Yahiko Line,弥彦线,야히코선,#922790,2,,,,,,,,,,0,11410
11411,3,中央本線,チュウオウホンセン,中央本線,Chuo Main Line,中央本线,주오 본선,#307097,2,CF,,,#307097,,,HALF_SQUARE_WITHOUT_ROUND,,,0,11411
11412,2,篠ノ井線,シノノイセン,篠ノ井線,Shinonoi Line,篠之井线,시노노이선,#F15A22,2,,,,,,,,,,0,11412
11413,3,飯田線,イイダセン,飯田線,Iida Line,饭田线,이다선,#6CA2D6,2,CD,,,#6CA2D6,,,HALF_SQUARE_WITHOUT_ROUND,,,0,11413
11414,3,飯田線,イイダセン,飯田線,Iida Line,饭田线,이다선,#6CA2D6,2,CD,,,#6CA2D6,,,HALF_SQUARE_WITHOUT_ROUND,,,0,11414
11415,4,北陸本線,ホクリクホンセン,北陸本線,Hokuriku Main Line,北陆本线,호쿠리쿠 본선,#D60000,2,A,B,,#0072BC,#00ACD1,,REVERSED_SQUARE_WEST,REVERSED_SQUARE_WEST,,0,11415
11416,3,高山本線,タカヤマホンセン,高山本線,Takayama Main Line,高山本线,다카야마 본선,#9E1311,2,CG,,,#9E1311,,,HALF_SQUARE_WITHOUT_ROUND,,,0,11416
11417,4,城端線,ジョウハナセン,城端線,Johana Line,城端线,조하나선,#846AA8,2,,,,,,,,,,0,11417
11418,4,氷見線,ヒミセン,氷見線,Himi Line,冰见线,히미선,#A646A6,2,,,,,,,,,,0,11418
11419,4,七尾線,ナナオセン,七尾線,Nanao Line,七尾线,나나오선,#1DA5BD,2,,,,,,,,,,0,11419
11420,4,敦賀港線,ツルガコウセン,北陸本線,Tsurugaminato Line,敦贺港线,츠루가미나토선,#FFCC00,2,,,,,,,,,,2,11420
11421,4,九頭竜線,クズリュウセン,越美北線,Kuzuryu Line,九头龙线,구즈류선,#3C9922,2,,,,,,,,,,0,11421
11422,4,小浜線,オバマセン,小浜線,Obama Line,小滨线,오바마선,#0072BC,2,,,,,,,,,,0,11422
11501,3,東海道本線,トウカイドウホンセン,東海道本線,Tokaido Main Line,东海道本线,도카이도 본선,#F47921,2,CA,,,#F47921,,,HALF_SQUARE_WITHOUT_ROUND,,,0,11501
11502,3,東海道本線,トウカイドウホンセン,東海道本線,Tokaido Main Line,东海道本线,도카이도 본선,#F47921,2,CA,,,#F47921,,,HALF_SQUARE_WITHOUT_ROUND,,,0,11502
11503,3,東海道本線,トウカイドウホンセン,東海道本線,Tokaido Main Line,东海道本线,도카이도 본선,#F47921,2,CA,,,#F47921,,,HALF_SQUARE_WITHOUT_ROUND,,,0,11503
11504,2,伊東線,イトウセン,伊東線,Ito Line,伊东线,이토선,#F68B1E,2,JT,,,#F68B1E,,,SQUARE,,,0,11504
11505,3,御殿場線,ゴテンバセン,御殿場線,Gotemba Line,御殿场线,고텐바선,#447442,2,CB,,,#447442,,,HALF_SQUARE_WITHOUT_ROUND,,,0,11505
11506,3,武豊線,タケトヨセン,武豊線,Taketoyo Line,武丰线,다케토요선,#753A97,2,CE,,,#753A97,,,HALF_SQUARE_WITHOUT_ROUND,,,0,11506
11507,3,太多線,タイタセン,太多線,Taita Line,太多线,다이타선,#C7B944,2,CI,,,#C7B944,,,HALF_SQUARE_WITHOUT_ROUND,,,0,11507
11508,3,関西本線,カンサイホンセン,関西本線,Kansai Main Line,关西本线,간사이 본선,#0FB68F,2,CJ,,,#0FB68F,,,HALF_SQUARE_WITHOUT_ROUND,,,0,11508
11509,4,関西本線,カンサイホンセン,関西本線,Kansai Main Line,关西本线,간사이 본선,#0FB68F,2,,,,,,,,,,0,11509
11510,3,紀勢本線,キセイホンセン,紀勢本線,Kisei Main Line,纪势本线,기세이 본선,#F80039,2,,,,,,,,,,0,11510
11511,4,草津線,クサツセン,草津線,Kusatsu Line,草津线,구사쓰선,#CBCF10,2,C,,,#CBCF10,,,,,,0,11511
11512,3,参宮線,サングウセン,参宮線,Sangu Line,参宫线,산구선,#4D2E8C,2,,,,,,,,,,0,11512
11513,3,名松線,メイショウセン,名松線,Meisho Line,名松线,메이쇼선,#E9E343,2,,,,,,,,,,0,11513
11601,4,琵琶湖線,ビワコセン,東海道本線,Biwako Line,琵琶湖线,비와코선,#0072BC,2,A,,,#0072BC,,,REVERSED_SQUARE_WEST,,,0,11601
11602,4,JR京都線,キョウトセン,東海道本線,JR Kyoto Line,JR京都线,JR 교토선,#0072BC,2,A,,,#0072BC,,,REVERSED_SQUARE_WEST,,,0,11602
11603,4,JR神戸線,コウベセン,東海道本線,JR Kobe Line,JR神户线,JR 고베선,#0072BC,2,A,,,#0072BC,,,REVERSED_SQUARE_WEST,,,0,11603
11605,4,湖西線,コセイセン,湖西線,Kosei Line,湖西线,고세이선,#576290,2,B,,,#00ACD1,,,REVERSED_SQUARE_WEST,,,0,11605
11607,4,大和路線,ヤマトジセン,関西本線,Yamatoji Line,大和路线,야마토지선,#009933,2,Q,,,#009933,,,REVERSED_SQUARE_WEST,,,0,11607
11608,4,JR神戸線,コウベセン,山陽本線,JR Kobe Line,JR神户线,JR 고베선,#0072BC,2,A,,,#0072BC,,,REVERSED_SQUARE_WEST,,,0,11608
11609,4,山陽本線,サンヨウホンセン,山陽本線,San’yo Main Line,山阳本线,산요 본선,#009966,2,S,,,,,,REVERSED_SQUARE_WEST,,,0,11609
11610,4,山陽本線,サンヨウホンセン,山陽本線,San’yo Main Line,山阳本线,산요 본선,#009966,2,W,X,,,,,REVERSED_SQUARE_WEST,REVERSED_SQUARE_WEST,,0,11610
11611,4,山陽本線,サンヨウホンセン,山陽本線,San’yo Main Line,山阳本线,산요 본선,#0072BC,2,G,R,,,,,REVERSED_SQUARE_WEST,REVERSED_SQUARE_WEST,,0,11611
11612,4,山陽本線,サンヨウホンセン,山陽本線,San'yo Main Line,山阳本线,산요 본선,#0072BC,2,JA,,,#E24148,,,HALF_SQUARE,,,0,11612
11613,4,山陽本線,サンヨウホンセン,山陽本線,San’yo Main Line,山阳本线,산요 본선,#0072BC,2,,,,,,,,,,0,11613
11614,4,嵯峨野線,サガノセン,山陰本線,Sagano Line,嵯峨野线,사가노선,#9370DB,2,E,,,#9370DB,,,REVERSED_SQUARE_WEST,,,0,11614
11615,4,山陰本線,サンインホンセン,山陰本線,San'in Main Line,山阴本线,산인 본선,#669933,2,E,,,#669933,,,REVERSED_SQUARE_WEST,,,0,11615
11616,4,山陰本線,サンインホンセン,山陰本線,San’in Main Line,山阴本线,산인 본선,#669933,2,A,,,#669933,,,REVERSED_SQUARE_WEST,,,0,11616
11617,4,学研都市線,ガッケントシセン,片町線,Gakkentoshi Line,学研都市线,갓켄토시선,#9ACD32,2,H,,,#FF1493,,,REVERSED_SQUARE_WEST,,,0,11617
11618,4,奈良線,ナラセン,奈良線,Nara Line,奈良线,나라선,#A52A2A,2,D,,,#A52A2A,,,REVERSED_SQUARE_WEST,,,0,11618
11622,4,舞鶴線,マイヅルセン,舞鶴線,Maizuru Line,舞鹤线,마이즈루선,#7BA1C5,2,L,,,#7BA1C5,,,REVERSED_SQUARE_WEST,,,0,11622
11623,4,大阪環状線,オオサカカンジョウセン,大阪環状線,Osaka Loop Line,大阪环状线,오사카 순환선,#FF0000,2,O,,,#FF0000,,,REVERSED_SQUARE_WEST,,,0,11623
11624,4,JRゆめ咲線,ユメサキセン,桜島線,JR Yumesaki Line,JR梦咲线,JR 유메사키선,#0A318E,2,P,,,#0A318E,,,REVERSED_SQUARE_WEST,,,0,11624
11625,4,JR東西線,トウザイセン,JR東西線,JR Tozai Line,JR东西线,JR 도자이선,#FF1493,2,H,,,#FF1493,,,REVERSED_SQUARE_WEST,,,0,11625
11626,4,阪和線,ハンワセン,阪和線,Hanwa Line,阪和线,한와선,#FF6600,2,R,,,#FF9600,,,REVERSED_SQUARE_WEST_DARK_TEXT,,,0,11626
11627,4,羽衣線,ハゴロモセン,阪和線,Hagoromo Line,羽衣线,하고로모선,#FF6600,2,,,,,,,,,,0,11627
11628,4,関西空港線,カンサイクウコウセン,関西空港線,Kansai Airport Line,关西机场线,간사이 공항선,#0000FF,2,S,,,#0000FF,,,REVERSED_SQUARE_WEST,,,0,11628
11629,4,JR宝塚線,タカラヅカセン,福知山線,JR Takarazuka Line,JR宝冢线,JR 다카라즈카선,#FFCC00,2,G,A,,#FFBA00,#0072BC,,REVERSED_SQUARE_WEST_DARK_TEXT,REVERSED_SQUARE_WEST,,0,11629
11630,4,福知山線,フクチヤマセン,福知山線,Fukuchiyama Line,福知山线,후쿠치야마선 ,#FFCC00,2,G,,,#FFBA00,,,REVERSED_SQUARE_WEST_DARK_TEXT,,,0,11630
11631,4,赤穂線,アコウセン,赤穂線,Ako Line,赤穗线,아코선,#F16369,2,N,A,,#F16369,#0072BC,,REVERSED_SQUARE_WEST,REVERSED_SQUARE_WEST,,0,11631
11632,4,加古川線,カコガワセン,加古川線,Kakogawa Line,加古川线,가코가와선,#3CB371,2,I,,,#3CB371,,,REVERSED_SQUARE_WEST,,,0,11632
11633,4,姫新線,キシンセン,姫新線,Kishin Line,姬新线,기신선,#FF4500,2,K,,,#FF4500,,,REVERSED_SQUARE_WEST,,,0,11633
11634,4,姫新線,キシンセン,姫新線,Kishin Line,姬新线,기신선,#800080,2,K,,,#800080,,,REVERSED_SQUARE_WEST,,,0,11634
11635,4,播但線,バンタンセン,播但線,Bantan Line,播但线,반탄선,#A52A2A,2,J,,,#A52A2A,,,REVERSED_SQUARE_WEST,,,0,11635
11636,4,和歌山線,ワカヤマセン,和歌山線,Wakayama Line,和歌山线,와카야마선,#192375,2,T,,,#192375,,,REVERSED_SQUARE_WEST,,,0,11636
11637,4,万葉まほろば線,マンヨウマホロバセン,桜井線,Manyo Mahoroba Line,万叶Mahoroba线,사쿠라이선,#EC64AB,2,U,,,#EC64AB,,,REVERSED_SQUARE_WEST,,,0,11637
11639,4,きのくに線,キノクニセン,紀勢本線,Kinokuni Line,纪国线,기노쿠니선,#FE8525,2,W,,,#FE8525,,,REVERSED_SQUARE_WEST,,,0,11639
11640,4,紀勢本線,キセイホンセン,紀勢本線,Kisei Main Line,纪势本线,기세이 본선,#192375,2,,,,,,,,,,0,11640
11641,4,おおさか東線,オオサカヒガシセン,おおさか東線,Osaka Higashi Line,大阪东线,오사카히가시선,#347293,2,F,,,#347293,,,REVERSED_SQUARE_WEST,,,0,11641
11701,4,山陰本線,サンインホンセン,山陰本線,San’in Main Line,山阴本线,산인 본선,#BAE541,2,,,,,,,,,,0,11701
11702,4,山陰本線,サンインホンセン,山陰本線,San’in Main Line,山阴本线,산인 본선,#BAE541,2,,,,,,,,,,0,11702
11703,4,伯備線,ハクビセン,伯備線,Hakubi Line,伯备线,하쿠비선,#FF4500,2,,,,,,,,,,0,11703
11704,4,因美線,インビセン,因美線,Inbi Line,因美线,인비선,#000080,2,B,,,#000080,,,REVERSED_SQUARE_WEST,,,0,11704
11705,4,境線,サカイセン,境線,Sakai Line,境线,사카이선,#00FFFF,2,C,,,#00FFFF,,,REVERSED_SQUARE_WEST,,,0,11705
11706,4,木次線,キスキセン,木次線,Kisuki Line,木次线,기스키선,#339966,2,E,,,#339966,,,REVERSED_SQUARE_WEST,,,0,11706
11707,4,三江線,サンコウセン,三江線,Sanko Line,三江线,산코선,#C9090B,2,,,,,,,,,,2,11707
11708,4,山口線,ヤマグチセン,山口線,Yamaguchi Line,山口线,야마구치선,#FF6600,2,,,,,,,,,,0,11708
11709,4,宇野線,ウノセン,宇野線,Uno Line,宇野线,우노선,#3333CC,2,M,,,,,,,,,0,11709
11710,4,本四備讃線,ホンシビサンセン,本四備讃線,Honshi-Bisan Line,本四备赞线,혼시비산선,#0072BC,2,M,Y,,#0072BC,#FBAF18,,REVERSED_SQUARE_WEST,ROUND,,0,11710
11713,4,吉備線,キビセン,吉備線,Kibi Line,吉备线,기비선,#FFA500,2,,,,,,,,,,0,11713
11714,4,芸備線,ゲイビセン,芸備線,Geibi Line,艺备线,게이비선,#00CED1,2,P,,,#00CED1,,,REVERSED_SQUARE_WEST,,,0,11714
11715,4,津山線,ツヤマセン,津山線,Tsuyama Line,津山线,쓰야마선,#FF69B4,2,T,,,#FF69B4,,,REVERSED_SQUARE_WEST,,,0,11715
11716,4,呉線,クレセン,呉線,Kure Line,吴线,구레선,#33C033,2,Y,,,#33C033,,,REVERSED_SQUARE_WEST,,,0,11716
11717,4,可部線,カベセン,可部線,Kabe Line,可部线,가베선,#A020F0,2,B,,,#A020F0,,,REVERSED_SQUARE_WEST,,,0,11717
11720,4,福塩線,フクエンセン,福塩線,Fukuen Line,福盐线,후쿠엔선,#FF1493,2,Z,,,#FF1493,,,REVERSED_SQUARE_WEST,,,0,11720
11721,4,宇部線,ウベセン,宇部線,Ube Line,宇部线,우베선,#990066,2,,,,,,,,,,0,11721
11722,4,美祢線,ミネセン,美祢線,Mine Line,美祢线,미네선,#CC0066,2,,,,,,,,,,0,11722
11723,4,小野田線,オノダセン,小野田線,Onoda Line,小野田线,오노다선,#666699,2,,,,,,,,,,0,11723
11724,4,岩徳線,ガントクセン,岩徳線,Gantoku Line,岩德线,간토쿠선,#008056,2,,,,,,,,,,0,11724
11801,5,土讃線,ドサンセン,土讃線,Dosan Line,土赞线,도산선,#E25885,2,D,K,,#DC4586,#DC4586,,ROUND,ROUND,,0,11801
11802,5,高徳線,コウトクセン,高徳線,Kotoku Line,高德线,고토쿠선,#99CC00,2,T,,,#87CA3B,,,ROUND,,,0,11802
11803,5,よしの川ブルーライン,ヨシノガワブルーライン,徳島線,Yoshinogawa Blue Line,德岛线,도쿠시마선,#008080,2,B,,,#366481,,,ROUND,,,0,11803
11804,5,牟岐線,ムギセン,牟岐線,Mugi Line,牟岐线,무기선,#00FFFF,2,M,,,#2EBDB1,,,ROUND,,,0,11804
11805,5,鳴門線,ナルトセン,鳴門線,Naruto Line,鸣门线,나루토선,#993366,2,N,,,#881F61,,,ROUND,,,0,11805
11806,5,予讃線,ヨサンセン,予讃線,Yosan Line,予赞线,요산선,#FF9900,2,Y,,,#F5AC13,,,ROUND,,,0,11806
11807,5,予讃・内子線,ヨサン・ウチコセン,予讃・内子線,Yosan/Uchiko Line,予赞・内子线,요산선・우치코선,#FF9900,2,U,S,,#F5AC13,#9AA7D7,,ROUND,ROUND,,0,11807
11808,5,しまんとグリーンライン,シマントグリーンライン,予土線,Shimanto Green Line,予土线,요도선,#339966,2,G,,,#339966,,,ROUND,,,0,11808
11901,4,博多南線,ハカタミナミセン,博多南線,Hakata-Minami Line,博多南线,하카타미나미선,#22B04F,2,,,,,,,,,,0,11901
11902,6,鹿児島本線,カゴシマホンセン,鹿児島本線,Kagoshima Main Line,鹿儿岛本线,가고시마 본선,#E24148,2,JA,,,#E24148,,,HALF_SQUARE,,,0,11902
11903,6,鹿児島本線,カゴシマホンセン,鹿児島本線,Kagoshima Main Line,鹿儿岛本线,가고시마 본선,#E24148,2,JB,,,#E24148,,,HALF_SQUARE,,,0,11903
11904,6,鹿児島本線,カゴシマホンセン,鹿児島本線,Kagoshima Main Line,鹿儿岛本线,가고시마 본선,#E24148,2,,,,,,,,,,0,11904
11905,6,長崎本線,ナガサキホンセン,長崎本線,Nagasaki Main Line,长崎本线,나가사키 본선,#E6B040,2,JH,,,#E6B040,,,HALF_SQUARE_DARK_TEXT,,,0,11905
11906,6,日豊本線,ニッポウホンセン,日豊本線,Nippo Main Line,日丰本线,닛포 본선,#4ABACD,2,JF,,,#4ABACD,,,HALF_SQUARE,,,0,11906
11907,6,日豊本線,ニッポウホンセン,日豊本線,Nippo Main Line,日丰本线,닛포 본선,#4ABACD,2,,,,,,,,,,0,11907
11908,6,福北ゆたか線,フクホクユタカセン,篠栗線,Fukuhoku Yutaka Line,福北丰线,후쿠호쿠유타카선,#FAAF18,2,JC,,,#FAAF18,,,HALF_SQUARE_DARK_TEXT,,,0,11908
11909,6,筑肥線,チクヒセン,筑肥線,Chikuhi Line,筑肥线,지쿠히선,#8F3E97,2,JK,,,#8F3E97,,,HALF_SQUARE,,,0,11909
11910,6,若松線,チクホウセン,筑豊本線,Wakamatsu Line,若松线,와카마쓰선,#0095D9,2,JE,,,#0095D9,,,HALF_SQUARE,,,0,11910
11911,6,福北ゆたか線,フクホクユタカセン,筑豊本線,Fukuhoku Yutaka Line,福北丰线,후쿠호쿠유타카선,#FAAF18,2,JC,,,#FAAF18,,,HALF_SQUARE_DARK_TEXT,,,0,11911
11912,6,原田線,ハルダセン,筑豊本線,Haruda Line,原田线,하루다선,#36B558,2,JG,,,#36B558,,,HALF_SQUARE,,,0,11912
11913,6,ゆふ高原線,ユフコウゲンセン,久大本線,Yufu Kogen Line,由布高原线,유후 고원선,#D78CAC,2,,,,,,,,,,0,11913
11914,6,日田彦山線,ヒタヒコサンセン,日田彦山線,Hitahikosan Line,日田彦山线,히타히코산선,#B96F30,2,JI,,,#B96F30,,,HALF_SQUARE,,,0,11914
11915,6,後藤寺線,ゴトウジセン,後藤寺線,Gotoji Line,后藤寺线,고토지선,#8F3E97,2,JJ,,,#8F3E97,,,HALF_SQUARE,,,0,11915
11916,6,海の中道線,ウミノナカミチセン,香椎線,Uminonakamichi Line,海之中道线,가시선,#3A268F,2,,,,,,,,,,0,11916
11917,6,香椎線,カシイセン,香椎線,Kashii Line,香椎线,가시선,#0095D9,2,JD,,,#0095D9,,,HALF_SQUARE,,,0,11917
11918,6,佐世保線,サセボセン,佐世保線,Sasebo Line,佐世保线,사세보선,#36B558,2,,,,,,,,,,0,11918
11920,6,筑肥線,チクヒセン,筑肥線,Chikuhi Line,筑肥线,지쿠히선,#8F3E97,2,,,,,,,,,,0,11920
11921,6,唐津線,カラツセン,唐津線,Karatsu Line,唐津线,가라쓰선,#0095D9,2,,,,,,,,,,0,11921
11922,6,大村線,オオムラセン,大村線,Omura Line,大村线,오무라선,#0095D9,2,,,,,,,,,,0,11922
11923,6,阿蘇高原線,アソコウゲンセン,豊肥本線,Aso Kogen Line,阿苏高原线,아소코겐선,#B96F30,2,,,,,,,,,,0,11923
11924,6,三角線,ミスミセン,三角線,Misumi Line,三角线,미스미선,#0095D9,2,,,,,,,,,,0,11924
11925,6,えびの高原線,エビノコウゲンセン,肥薩線,Ebino Kogen Line,虾野高原线,에비노고원선,#8F3E97,2,,,,,,,,,,0,11925
11926,6,肥薩線,ヒサツセン,肥薩線,Hisatsu Line,肥萨线,히사쓰선,#8F3E97,2,,,,,,,,,,0,11926
11927,6,宮崎空港線,ミヤザキクウコウセン,宮崎空港線,Miyazaki Airport Line,宫崎机场线,미야자키쿠코선,#36B558,2,,,,,,,,,,0,11927
11928,6,日南線,ニチナンセン,日南線,Nichinan Line,日南线,니치난선,#FAAF18,2,,,,,,,,,,0,11928
11929,6,えびの高原線,エビノコウゲンセン,吉都線,Ebino Kogen Line,虾野高原线,에비노고원선,#36B558,2,,,,,,,,,,0,11929
11930,6,指宿枕崎線,イブスキマクラザキセン,指宿枕崎線,Ibusuki Makurazaki Line,指宿枕崎线,이부스키마쿠라자키선,#FAAF18,2,,,,,,,,,,0,11930
21001,11,東武東上線,トウブトウジョウセン,東武東上線,Tobu Tojo Line,东武东上线,도부 도조선,#004098,2,TJ,,,#014099,,,SQUARE,,,0,21001
21002,11,東武伊勢崎線,トウブイセサキセン,東武伊勢崎線,Tobu Isesaki Line,东武伊势崎线,도부 이세사키선,#ED1A3D,2,TI,TS,,#B50033,#0067C0,,SQUARE,SQUARE,,0,21002
21003,11,東武日光線,トウブニッコウセン,東武日光線,Tobu Nikko Line,东武日光线,도부 닛코선,#FFA500,2,TN,TS,,#F08200,#0067C0,,SQUARE,SQUARE,,0,21003
21004,11,東武アーバンパークライン,トウブアーバンパークライン,東武アーバンパークライン,Tobu Urban Park Line,东武都市公园线,도부 어반 파크 라인,#00BFFF,2,TD,,,#00A1E9,,,SQUARE,,,0,21004
21005,11,東武亀戸線,トウブカメイドセン,東武亀戸線,Tobu Kameido Line,东武龟户线,도부 가메이도선,#004098,2,TS,,,#0067C0,,,SQUARE,,,0,21005
21006,11,東武大師線,トウブダイシセン,東武大師線,Tobu Daishi Line,东武大师线,도부 다이시선,#004098,2,TS,,,#0067C0,,,SQUARE,,,0,21006
21007,11,東武越生線,トウブオゴセセン,東武越生線,Tobu Ogose Line,东武越生线,도부 오고세선,#004098,2,TJ,,,#014099,,,SQUARE,,,0,21007
21008,11,東武宇都宮線,トウブウツノミヤセン,東武宇都宮線,Tobu Utsunomiya Line,东武宇都宫线,도부 우쓰노미야선,#FFA500,2,TN,,,#F08200,,,SQUARE,,,0,21008
21009,11,東武鬼怒川線,トウブキヌガワセン,東武鬼怒川線,Tobu Kinugawa Line,东武鬼怒川线,도부 기누가와선,#FFA500,2,TN,,,#F08200,,,SQUARE,,,0,21009
21010,11,東武佐野線,トウブサノセン,東武佐野線,Tobu Sano Line,东武佐野线,도부 사노선,#ED1A3D,2,TI,,,#B50033,,,SQUARE,,,0,21010
21011,11,東武桐生線,トウブキリュウセン,東武桐生線,Tobu Kiryu Line,东武桐生线,도부 기류선,#ED1A3D,2,TI,,,#B50033,,,SQUARE,,,0,21011
21012,11,東武小泉線,トウブコイズミセン,東武小泉線,Tobu Koizumi Line,东武小泉线,도부 고이즈미선,#ED1A3D,2,TI,,,#B50033,,,SQUARE,,,0,21012
22001,12,西武池袋線,セイブイケブクロセン,西武池袋線,Seibu Ikebukuro Line,西武池袋线,세이부 이케부쿠로선,#F17900,2,SI,,,#F17900,,,HALF_SQUARE_DARK_TEXT,,,0,22001
22002,12,西武秩父線,セイブチチブセン,西武秩父線,Seibu Chichibu Line,西武秩父线,세이부 지치부선,#F17900,2,SI,,,#F17900,,,HALF_SQUARE_DARK_TEXT,,,0,22002
22003,12,西武有楽町線,セイブユウラクチョウセン,西武有楽町線,Seibu Yurakucho Line,西武有乐町线,세이부 유라쿠초선,#F17901,2,SI,,,#F17900,,,HALF_SQUARE_DARK_TEXT,,,0,22003
22004,12,西武豊島線,セイブトシマセン,西武豊島線,Seibu Toshima Line,西武丰岛线,세이부 도시마선,#F17900,2,SI,,,#F17900,,,HALF_SQUARE_DARK_TEXT,,,0,22004
22005,12,西武狭山線,セイブサヤマセン,西武狭山線,Seibu Sayama Line,西武狭山线,세이부 사야마선,#F17900,2,SI,,,#F17900,,,HALF_SQUARE_DARK_TEXT,,,0,22005
22006,12,レオライナー,レオライナー,西武山口線,Seibu Yamaguchi Line,西武山口线,세이부 야마구치선,#FF69B4,5,SY,,,#FF3333,,,HALF_SQUARE_DARK_TEXT,,,0,22006
22007,12,西武新宿線,セイブシンジュクセン,西武新宿線,Seibu Shinjuku Line,西武新宿线,세이부 신주쿠선,#00A6C0,2,SS,,,#00A6C0,,,HALF_SQUARE_DARK_TEXT,,,0,22007
22008,12,西武拝島線,セイブハイジマセン,西武拝島線,Seibu Haijima Line,西武拜岛线,세이부 하이지마선,#00A6C0,2,SS,,,#00A6C0,,,HALF_SQUARE_DARK_TEXT,,,0,22008
22009,12,西武西武園線,セイブセイブエンセン,西武西武園線,Seibu Seibuen Line,西武西武园线,세이부 세이부엔선,#00A6C0,2,SK,,,#00A6C0,,,HALF_SQUARE_DARK_TEXT,,,0,22009
22010,12,西武国分寺線,セイブコクブンジセン,西武国分寺線,Seibu Kokubunji Line,西武国分寺线,세이부 고쿠분지선,#00BB00,2,SK,,,#00BB00,,,HALF_SQUARE_DARK_TEXT,,,0,22010
22011,12,西武多摩湖線,セイブタマコセン,西武多摩湖線,Seibu Tamako Line,西武多摩湖线,세이부 다마코선,#FFA500,2,ST,,,#FFA500,,,HALF_SQUARE_DARK_TEXT,,,0,22011
22012,12,西武多摩川線,セイブタマガワセン,西武多摩川線,Seibu Tamagawa Line,西武多摩川线,세이부 다마가와선,#F17900,2,SW,,,#F17900,,,HALF_SQUARE_DARK_TEXT,,,0,22012
23001,13,京成本線,ケイセイホンセン,京成本線,Keisei Main Line,京成本线,게이세이 본선,#005AAA,2,KS,,,#005AAA,,,KEISEI,,,0,23001
23002,13,京成押上線,ケイセイオシアゲセン,京成押上線,Keisei Oshiage Line,京成押上线,게이세이 오시아게선,#005AAA,2,KS,A,,#005AAA,#E85298,,KEISEI,ROUND,,0,23002
23003,13,京成金町線,ケイセイカナマチセン,京成金町線,Keisei Kanamachi Line,京成金町线,게이세이 가나마치선,#005AAA,2,KS,,,#005AAA,,,KEISEI,,,0,23003
23004,13,京成千葉線,ケイセイチバセン,京成千葉線,Keisei Chiba Line,京成千叶线,게이세이 지바선,#AA5E51,2,KS,,,#005AAA,,,KEISEI,,,0,23004
23005,13,京成千原線,ケイセイチハラセン,京成千原線,Keisei Chihara Line,京成千原线,게이세이 지하라선,#AA5E51,2,KS,,,#005AAA,,,KEISEI,,,0,23005
23006,13,成田スカイアクセス,ナリタスカイアクセス,京成成田空港線,Keisei Narita Airport Line,京成成田机场线,게이세이 나리타 공항선,#FF6600,2,KS,HS,,#005AAA,#3333FF,,KEISEI,KEISEI,,0,23006
24001,14,京王線,ケイオウセン,京王線,Keio Line,京王线,게이오선,#CA0073,2,KO,,,#CA0073,,,KEIO,,,0,24001
24002,14,京王相模原線,ケイオウサガミハラセン,京王相模原線,Keio Sagamihara Line,京王相模原线,게이오 사가미하라선,#CA0073,2,KO,,,#CA0073,,,KEIO,,,0,24002
24003,14,京王高尾線,ケイオウタカオセン,京王高尾線,Keio Takao Line,京王高尾线,게이오 다카오선,#CA0073,2,KO,,,#CA0073,,,KEIO,,,0,24003
24004,14,京王競馬場線,ケイオウケイバジョウセン,京王競馬場線,Keio Keibajo Line,京王竞马场线,게이오 게이바조선,#CA0073,2,KO,,,#CA0073,,,KEIO,,,0,24004
24005,14,京王動物園線,ケイオウドウブツエンセン,京王動物園線,Keio Dobutsuen Line,京王动物园线,게이오 도부쓰엔선,#CA0073,2,KO,,,#CA0073,,,KEIO,,,0,24005
24006,14,京王井の頭線,ケイオウイノガシラセン,京王井の頭線,Keio Inokashira Line,京王井之头线,게이오 이노카시라선,#000088,2,IN,,,#000088,,,KEIO,,,0,24006
24007,14,京王新線,ケイオウシンセン,京王新線,Keio New Line,京王新线,게이오 신선,#CA0073,2,KO,,,#CA0073,,,KEIO,,,0,24007
25001,15,小田急線,オダキュウセン,小田急小田原線,Odakyu Line,小田急线,오다큐선,#2F79BC,2,OH,,,#2F79BC,,,ODAKYU,,,0,25001
25002,15,小田急江ノ島線,オダキュウエノシマセン,小田急江ノ島線,Odakyu Enoshima Line,小田急江之岛线,오다큐 에노시마선,#2D8BD0,2,OE,OH,,#2F79BC,#2F79BC,,ODAKYU,ODAKYU,,0,25002
25003,15,小田急多摩線,オダキュウタマセン,小田急多摩線,Odakyu Tama Line,小田急多摩线,오다큐 다마선,#2D8BD0,2,OT,OH,,#2F79BC,#2F79BC,,ODAKYU,ODAKYU,,0,25003
26001,16,東急東横線,トウキュウトウヨコセン,東急東横線,Tokyu Toyoko Line,东急东横线,도큐 도요코선,#EE0011,2,TY,,,#EE0011,,,REVERSED_SQUARE,,,0,26001
26002,16,東急目黒線,トウキュウメグロセン,東急目黒線,Tokyu Meguro Line,东急目黑线,도큐 메구로선,#2C94B6,2,MG,,,#2C94B6,,,REVERSED_SQUARE,,,0,26002
26003,16,東急田園都市線,トウキュウデンエントシセン,東急田園都市線,Tokyu Den-en-toshi Line,东急田园都市线,도큐 덴엔토시선,#018D54,2,DT,,,#018D54,,,REVERSED_SQUARE,,,0,26003
26004,16,東急大井町線,トウキュウオオイマチセン,東急大井町線,Tokyu Oimachi Line,东急大井町线,도큐 오이마치선,#FD9A3D,2,OM,,,#FD9A3D,,,REVERSED_SQUARE,,,0,26004
26005,16,東急池上線,トウキュウイケガミセン,東急池上線,Tokyu Ikegami Line,东急池上线,도큐 이케가미선,#DE65B0,2,IK,,,#DE65B0,,,REVERSED_SQUARE,,,0,26005
26006,16,東急多摩川線,トウキュウタマガワセン,東急多摩川線,Tokyu Tamagawa Line,东急多摩川线,도큐 다마가와선,#A3016E,2,TM,,,#A3016E,,,REVERSED_SQUARE,,,0,26006
26007,16,東急世田谷線,トウキュウセタガヤセン,東急世田谷線,Tokyu Setagaya Line,东急世田谷线,도큐 세타가야선,#FCC70D,4,SG,,,#FCC70D,,,REVERSED_SQUARE_DARK_TEXT,,,0,26007
26008,16,東急こどもの国線,トウキュウコドモノクニセン,東急こどもの国線,Tokyu Kodomonokuni Line,东急子供之国线,도큐 고도모노쿠니선,#0068B7,2,KD,,,#0068B7,,,REVERSED_SQUARE,,,0,26008
26009,16,東急新横浜線,トウキュウシンヨコハマセン,東急新横浜線,Tokyu Shin-yokohama Line,东急新横滨线,도큐 신요코하마선,#890D84,2,SH,,,#890D84,,,REVERSED_SQUARE,,,0,26009
27001,17,京急本線,ケイキュウホンセン,京急本線,Keikyu Main Line,京急本线,게이큐 본선,#00CCFF,2,KK,A,,#00CCFF,#E85298,,KEIKYU,,,0,27001
27002,17,京急空港線,ケイキュウクウコウセン,京急空港線,Keikyu Airport Line,京急机场线,게이큐 공항선,#00CCFF,2,KK,,,#00CCFF,,,KEIKYU,,,0,27002
27003,17,京急大師線,ケイキュウダイシセン,京急大師線,Keikyu Daishi Line,京急大师线,게이큐 다이시선,#00CCFF,2,KK,,,#00CCFF,,,KEIKYU,,,0,27003
27004,17,京急逗子線,ケイキュウズシセン,京急逗子線,Keikyu Zushi Line,京急逗子线,게이큐 즈시선,#00CCFF,2,KK,,,#00CCFF,,,KEIKYU,,,0,27004
27005,17,京急久里浜線,ケイキュウクリハマセン,京急久里浜線,Keikyu Kurihama Line,京急久里滨线,게이큐 구리하마선,#00CCFF,2,KK,,,#00CCFF,,,KEIKYU,,,0,27005
28001,18,東京メトロ銀座線,トウキョウメトロギンザセン,東京メトロ銀座線,Tokyo Metro Ginza Line,银座线,긴자선,#F39700,3,G,,,#F39700,,,ROUND,,,0,28001
28002,18,東京メトロ丸ノ内線,トウキョウメトロマルノウチセン,東京メトロ丸ノ内線,Tokyo Metro Marunouchi Line,丸之内线,마루노우치선,#E60012,3,M,Mb,,#E60012,#E60012,,ROUND,ROUND,,0,28002
28003,18,東京メトロ日比谷線,トウキョウメトロヒビヤセン,東京メトロ日比谷線,Tokyo Metro Hibiya Line,日比谷线,히비야선,#9CAEB7,3,H,,,#9CAEB7,,,ROUND,,,0,28003
28004,18,東京メトロ東西線,トウキョウメトロトウザイセン,東京メトロ東西線,Tokyo Metro Tozai Line,东西线,도자이선,#00A7DB,3,T,,,#00A7DB,,,ROUND,,,0,28004
28005,18,東京メトロ千代田線,トウキョウメトロチヨダセン,東京メトロ千代田線,Tokyo Metro Chiyoda Line,千代田线,지요다선,#009944,3,C,,,#009944,,,ROUND,,,0,28005
28006,18,東京メトロ有楽町線,トウキョウメトロユウラクチョウセン,東京メトロ有楽町線,Tokyo Metro Yurakucho Line,有乐町线,유라쿠초선,#C1A470,3,Y,,,#C1A470,,,ROUND,,,0,28006
28008,18,東京メトロ半蔵門線,トウキョウメトロハンゾウモンセン,東京メトロ半蔵門線,Tokyo Metro Hanzomon Line,半藏门线,한조몬선,#9B7CB6,3,Z,,,#9B7CB6,,,ROUND,,,0,28008
28009,18,東京メトロ南北線,トウキョウメトロナンボクセン,東京メトロ南北線,Tokyo Metro Namboku Line,南北线,난보쿠선,#00ADA9,3,N,,,#00ADA9,,,ROUND,,,0,28009
28010,18,東京メトロ副都心線,トウキョウメトロフクトシンセン,東京メトロ副都心線,Tokyo Metro Fukutoshin Line,副都心线,후쿠토신선,#BB641D,3,F,,,#BB641D,,,ROUND,,,0,28010
29001,19,相鉄本線,ソウテツホンセン,相鉄本線,Sotetsu Main Line,相铁本线,소테쓰 본선,#000080,2,SO,,,#0967B4,,,REVERSED_SQUARE,,,0,29001
29002,19,相鉄いずみ野線,ソウテツイズミノセン,相鉄いずみ野線,Sotetsu Izumino Line,相铁泉野线,소테쓰 이즈미노선,#000080,2,SO,,,#0967B4,,,REVERSED_SQUARE,,,0,29002
29003,19,相鉄・JR直通線,ソウテツ・ジェイアールチョクツウセン,相鉄・JR直通線,Sotetsu-JR Link Line,相铁·JR直通线,소테츠·JR직통선,#000080,2,SO,JS,JA,#0967B4,#E31F26,#00B48D,REVERSED_SQUARE,SQUARE,SQUARE,0,29003
30001,20,名鉄名古屋本線,メイテツナゴヤホンセン,名鉄名古屋本線,Meitetsu Nagoya Main Line,名古屋本线,나고야 본선,#D12027,2,NH,,,#D12027,,,HALF_SQUARE,,,0,30001
30002,20,名鉄豊川線,メイテツトヨカワセン,名鉄豊川線,Meitetsu Toyokawa Line,丰川线,도요카와 선,#D12027,2,TK,NH,,#D12027,#D12027,,HALF_SQUARE,HALF_SQUARE,,0,30002
30003,20,名鉄西尾線,メイテツニシオセン,名鉄西尾線,Meitetsu Nishio Line,西尾线,니시오 선,#654E9E,2,GN,NH,,#654E9E,#D12027,,HALF_SQUARE,HALF_SQUARE,,0,30003
30004,20,名鉄蒲郡線,メイテツガマゴオリセン,名鉄蒲郡線,Meitetsu Gamagori Line,蒲郡线,가마고리 선,#654E9E,2,GN,NH,,#654E9E,#D12027,,HALF_SQUARE,HALF_SQUARE,,0,30004
30005,20,名鉄三河線,メイテツミカワセン,名鉄三河線,Meitetsu Mikawa Line,三河线,미카와 선,#9EB03A,2,MY,NH,MU,#9EB03A,#D12027,#654E9E,HALF_SQUARE,HALF_SQUARE,HALF_SQUARE,0,30005
30006,20,名鉄豊田線,メイテツトヨタセン,名鉄豊田線,Meitetsu Toyota Line,丰田线,도요타 선,#9EB03A,2,TT,MY,,#9EB03A,#9EB03A,,HALF_SQUARE,HALF_SQUARE,,0,30006
30007,20,名鉄空港線,メイテツクウコウセン,名鉄空港線,Meitetsu Airport Line,机场线,쿠코 선,#1065AB,2,TA,NH,,#1065AB,#D12027,,HALF_SQUARE,HALF_SQUARE,,0,30007
30008,20,名鉄常滑線,メイテツトコナメセン,名鉄常滑線,Meitetsu Tokoname Line,常滑线,도코나메 선,#1065AB,2,TA,NH,,#1065AB,#D12027,,HALF_SQUARE,HALF_SQUARE,,0,30008
30009,20,名鉄河和線,メイテツコウワセン,名鉄河和線,Meitetsu Kowa Line,河和线,고와 선,#2A9DD8,2,KC,TA,,#2A9DD8,#1065AB,,HALF_SQUARE,HALF_SQUARE,,0,30009
30010,20,名鉄知多新線,メイテツチタシンセン,名鉄知多新線,Meitetsu Chitashin Line,知多新线,지타 신선,#2A9DD8,2,KC,TA,,#2A9DD8,#1065AB,,HALF_SQUARE,HALF_SQUARE,,0,30010
30011,20,名鉄築港線,メイテツチッコウセン,名鉄築港線,Meitetsu Chikko Line,筑港线,짓코 선,#727171,2,CH,TA,,#727171,#1065AB,,HALF_SQUARE,HALF_SQUARE,,0,30011
30012,20,名鉄瀬戸線,メイテツセトセン,名鉄瀬戸線,Meitetsu Seto Line,濑户线,세토 선,#990099,2,ST,,,#7C2982,,,HALF_SQUARE,,,0,30012
30013,20,名鉄津島線,メイテツツシマセン,名鉄津島線,Meitetsu Shima Line,津岛线,쓰시마 선,#E85624,2,TB,NH,,#E85624,#D12027,,HALF_SQUARE,HALF_SQUARE,,0,30013
30014,20,名鉄尾西線,メイテツビサイセン,名鉄尾西線,Meitetsu Bisai Line,尾西线,비사이 선,#E85624,2,TB,BS,NH,#E85624,#E85624,#D12027,HALF_SQUARE,HALF_SQUARE,HALF_SQUARE,0,30014
30015,20,名鉄犬山線,メイテツイヌヤマセン,名鉄犬山線,Meitetsu Inuyama Line,犬山线,이누야마 선,#018B44,2,IY,NH,,#018B44,#D12027,,HALF_SQUARE,HALF_SQUARE,,0,30015
30016,20,名鉄各務原線,メイテツカカミガハラセン,名鉄各務原線,Meitetsu Kagamihara Line,各务原线,가카미가하라 선,#018B44,2,KG,IY,,#018B44,#018B44,,HALF_SQUARE,HALF_SQUARE,,0,30016
30017,20,名鉄広見線,メイテツヒロミセン,名鉄広見線,Meitetsu Hiromi Line,广见线,히로미 선,#018B44,2,HM,IY,,#018B44,#018B44,,HALF_SQUARE,HALF_SQUARE,,0,30017
30018,20,名鉄小牧線,メイテツコマキセン,名鉄小牧線,Meitetsu Komaki Line,小牧线,고마키 선,#DA5290,2,KM,IY,,#DA5290,#018B44,,HALF_SQUARE,HALF_SQUARE,,0,30018
30019,20,犬山モノレール,イヌヤマモノレール,名鉄モンキーパークモノレール線,Inuyama Monorail,,,#808080,5,,,,,,,,,,2,30019
30020,20,名鉄竹鼻線,メイテツタケハナセン,名鉄竹鼻線,Meitetsu Takehana Line,竹鼻线,다케하나 선,#D7A629,2,TH,NH,,#D7A629,#D12027,,HALF_SQUARE,HALF_SQUARE,,0,30020
30021,20,名鉄羽島線,メイテツハシマセン,名鉄羽島線,Meitetsu Hashima Line,羽岛线,하시마 선,#D7A629,2,TH,NH,,#D7A629,#D12027,,HALF_SQUARE,HALF_SQUARE,,0,30021
31001,21,近鉄難波線,キンテツナンバセン,近鉄難波線,Kintetsu Namba Line,,,#008000,2,A,,,#D21644,,,KINTETSU,,,0,31001
31002,21,近鉄橿原線,キンテツカシハラセン,近鉄橿原線,Kintetsu Kashihara Line,,,#DEA83F,2,B,,,#FAB202,,,KINTETSU,,,0,31002
31003,21,近鉄南大阪線,キンテツミナミオオサカセン,近鉄南大阪線,Kintetsu Minami-Osaka Line,,,#FF1493,2,F,,,#028E46,,,KINTETSU,,,0,31003
31004,21,近鉄養老線,キンテツヨウロウセン,近鉄養老線,Kintetsu Yoro Line,,,#228B22,2,,,,,,,,,,2,31004
31005,21,近鉄大阪線,キンテツオオサカセン,近鉄大阪線,Kintetsu Osaka Line,,,#4694D1,2,D,,,#4694D1,,,KINTETSU,,,0,31005
31006,21,近鉄伊賀線,キンテツイガセン,近鉄伊賀線,Kintetsu Iga Line,,,#808080,2,,,,,,,,,,2,31006
31007,21,近鉄吉野線,キンテツヨシノセン,近鉄吉野線,Kintetsu Yoshino Line,,,#339932,2,F,,,#028E46,,,KINTETSU,,,0,31007
31008,21,近鉄湯の山線,キンテツユノヤマセン,近鉄湯の山線,Kintetsu Yunoyama Line,,,#339932,2,K,,,#153F97,,,KINTETSU,,,0,31008
31009,21,近鉄山田線,キンテツヤマダセン,近鉄山田線,Kintetsu Yamada Line,,,#003399,2,M,,,#00B3C1,,,KINTETSU,,,0,31009
31010,21,近鉄鳥羽線,キンテツトバセン,近鉄鳥羽線,Kintetsu Toba Line,,,#339932,2,M,,,#00B3C1,,,KINTETSU,,,0,31010
31011,21,近鉄天理線,キンテツテンリセン,近鉄天理線,Kintetsu Tenri Line,,,#339932,2,H,,,#FAB202,,,KINTETSU,,,0,31011
31012,21,近鉄道明寺線,キンテツドウミョウジセン,近鉄道明寺線,Kintetsu Domyoji Line,,,#1B904A,2,N,,,#028E46,,,KINTETSU,,,0,31012
31013,247,内部線,ウツベセン,内部線,Utsube Line,,,#003399,2,,,,,,,,,,0,31013
31014,247,八王子線,ハチオウジセン,八王子線,Hachioji Line,,,#003399,2,,,,,,,,,,0,31014
31015,21,近鉄志摩線,キンテツシマセン,近鉄志摩線,Kintetsu Shima Line,,,#FF00FF,2,M,,,#00B3C1,,,KINTETSU,,,0,31015
31016,21,近鉄生駒線,キンテツイコマセン,近鉄生駒線,Kintetsu Ikoma Line,,,#F6160D,2,G,,,#D21644,,,KINTETSU,,,0,31016
31017,21,近鉄田原本線,キンテツタワラモトセン,近鉄田原本線,Kintetsu Tawaramoto Line,,,#003399,2,I,,,#FAB202,,,KINTETSU,,,0,31017
31018,21,近鉄御所線,キンテツゴセセン,近鉄御所線,Kintetsu Gose Line,,,#F6160D,2,P,,,#028E46,,,KINTETSU,,,0,31018
31019,21,近鉄鈴鹿線,キンテツスズカセン,近鉄鈴鹿線,Kintetsu Suzuka Line,,,#FF9900,2,L,,,#153F97,,,KINTETSU,,,0,31019
31020,21,近鉄奈良線,キンテツナラセン,近鉄奈良線,Kintetsu Nara Line,,,#B33249,2,A,,,#D21644,,,KINTETSU,,,0,31020
31021,21,近鉄信貴線,キンテツシギセン,近鉄信貴線,Kintetsu Shigi Line,,,#339932,2,J,,,#4694D1,,,KINTETSU,,,0,31021
31022,21,近鉄長野線,キンテツナガノセン,近鉄長野線,Kintetsu Nagano Line,,,#003399,2,O,,,#028E46,,,KINTETSU,,,0,31022
31023,21,近鉄けいはんな線,キンテツケイハンナセン,近鉄けいはんな線,Kintetsu Keihanna Line,,,#019A66,2,C,,,#32CD32,,,KINTETSU,,,0,31023
31024,21,西信貴ケーブル,ニシシギケーブル,近鉄西信貴鋼索線,Nishishigi Cable,,,#DDDDDD,0,Z,,,#DD9966,,,KINTETSU,,,0,31024
31025,21,近鉄京都線,キンテツキョウトセン,近鉄京都線,Kintestu Kyoto Line,,,#DEA83F,2,B,,,#FAB202,,,KINTETSU,,,0,31025
31026,21,生駒ケーブル,イコマケーブル,近鉄生駒鋼索線,Ikoma Cable,,,#AA8861,0,Y,,,#DD9966,,,KINTETSU,,,0,31026
31027,21,近鉄名古屋線,キンテツナゴヤセン,近鉄名古屋線,Kintetsu Nagoya Line,,,#5E34F8,2,E,,,#153F97,,,KINTETSU,,,0,31027
32001,22,南海本線,ナンカイホンセン,南海本線,Nankai Main Line,,,#3366CC,2,NK,,,#000000,,,NANKAI,,,0,32001
32002,22,南海空港線,ナンカイクウコウセン,南海空港線,Nankai Airport Line,,,#996699,2,NK,,,#000000,,,NANKAI,,,0,32002
32003,22,南海和歌山港線,ナンカイワカヤマコウセン,南海和歌山港線,Nankai Wakayamako Line,,,#3366CC,2,NK,,,#000000,,,NANKAI,,,0,32003
32004,22,南海高師浜線,ナンカイタカシノハマセン,南海高師浜線,Nankai Takashinohama Line,,,#3366CC,2,NK,,,#000000,,,NANKAI,,,0,32004
32005,22,南海加太線,ナンカイカダセン,南海加太線,Nankai Kada Line,,,#3366CC,2,NK,,,#000000,,,NANKAI,,,0,32005
32006,22,南海多奈川線,ナンカイタナガワセン,南海多奈川線,Nankai Tanagawa Line,,,#3366CC,2,NK,,,#000000,,,NANKAI,,,0,32006
32007,22,南海高野線,ナンカイコウヤセン,南海高野線,Nankai Koya Line,,,#009900,2,NK,,,#000000,,,NANKAI,,,0,32007
32008,22,南海高野山ケーブル,ナンカイコウヤサンケーブル,南海高野山ケーブル,Nankai Koyasan Cable,,,#009900,0,NK,,,#000000,,,NANKAI,,,0,32008
32009,22,南海汐見橋線,ナンカイシオミバシセン,南海汐見橋線,Nankai Shiomibashi Line,,,#009900,2,NK,,,#000000,,,NANKAI,,,0,32009
33001,23,京阪本線,ケイハンホンセン,京阪本線,Keihan Main Line,,,#66CC33,2,KH,,,#1D2088,,,KEIHAN,,,0,33001
33002,23,京阪宇治線,ケイハンウジセン,京阪宇治線,Keihan Uji Line,,,#00AE00,2,KH,,,#1D2089,,,KEIHAN,,,0,33002
33003,23,京阪交野線,ケイハンカタノセン,京阪交野線,Keihan Katano Line,,,#00AE00,2,KH,,,#1D2090,,,KEIHAN,,,0,33003
33004,23,京阪鴨東線,ケイハンオウトウセン,京阪鴨東線,Keihan Oto Line,,,#00AE00,2,KH,,,#1D2091,,,KEIHAN,,,0,33004
33005,23,石清水八幡宮参道ケーブル,イワシミズハチマングウサンドウケーブル,京阪鋼索線,Iwashimizuhachiman Sando Cable,,,#DBA75A,0,,,,,,,,,,0,33005
33006,23,京阪石山坂本線,ケイハンイシヤマサカモトセン,京阪石山坂本線,Keihan Ishiyama Sakamoto Line,,,#009933,4,OT,,,#1D2091,,,KEIHAN,,,0,33006
33007,23,京阪京津線,ケイハンケイシンセン,京阪京津線,Keihan Keishin Line,,,#FFCC00,4,OT,T,,#1D2091,#FF4500,,KEIHAN,REVERSED_ROUND,,0,33007
33008,23,京阪中之島線,ケイハンナカノシマセン,京阪中之島線,Keihan Nakanoshima Line,,,#00AE00,2,KH,,,#1D2088,,,KEIHAN,,,0,33008
34001,24,阪急神戸本線,ハンキュウコウベホンセン,阪急神戸本線,Hankyu Kobe Main Line,,,#0000FF,2,HK,,,#007AC4,,,HANKYU,,,0,34001
34002,24,阪急宝塚本線,ハンキュウタカラヅカホンセン,阪急宝塚本線,Hankyu Takarazuka Main Line,,,#FF00CC,2,HK,,,#F26627,,,HANKYU,,,0,34002
34003,24,阪急京都本線,ハンキュウタカラヅカホンセン,阪急京都本線,Hankyu Kyoto Main Line,,,#33CC00,2,HK,,,#2A9B50,,,HANKYU,,,0,34003
34004,24,阪急今津線,ハンキュウイマヅセン,阪急今津線,Hankyu Imazu Line,,,#0000FF,2,HK,,,#007AC4,,,HANKYU,,,0,34004
34005,24,阪急甲陽線,ハンキュウコウヨウセン,阪急甲陽線,Hankyu Koyo Line,,,#0000FF,2,HK,,,#007AC4,,,HANKYU,,,0,34005
34006,24,阪急伊丹線,ハンキュウイタミセン,阪急伊丹線,Hankyu Itami Line,,,#0000FF,2,HK,,,#007AC4,,,HANKYU,,,0,34006
34007,24,阪急箕面線,ハンキュウミノオセン,阪急箕面線,Hankyu Mino Line,,,#FF00CC,2,HK,,,#F26627,,,HANKYU,,,0,34007
34008,24,阪急千里線,ハンキュウセンリセン,阪急千里線,Hankyu Senri Line,,,#33CC00,2,HK,K,,#2A9B50,#814721,,HANKYU,REVERSED_ROUND,,0,34008
34009,24,阪急嵐山線,ハンキュウアラシヤマセン,阪急嵐山線,Hankyu Arashiyama Line,,,#33CC00,2,HK,,,#2A9B50,,,HANKYU,,,0,34009
35001,25,阪神本線,ハンシンホンセン,阪神本線,Hanshin Main Line,,,#FFA00E,2,HS,,,#1F64B1,,,HANSHIN,,,0,35001
35002,25,阪神なんば線,ハンシンナンバセン,阪神なんば線,Hanshin Namba Line,,,#6BB5E6,2,HS,,,#1F64B1,,,HANSHIN,,,0,35002
35003,25,阪神武庫川線,ハンシンムコガワセン,阪神武庫川線,Hanshin Mukogawa Line,,,#4A74B0,2,HS,,,#1F64B1,,,HANSHIN,,,0,35003
36001,26,西鉄天神大牟田線,ニシテツテンジンオオムタセン,西鉄天神大牟田線,Nishitetsu Tenjin Omuta Line,,,#1065AB,2,,,,,,,,,,0,36001
36002,26,西鉄太宰府線,ニシテツダザイフセン,西鉄太宰府線,Nishitetsu Dazaifu Line,,,#FD8A02,2,,,,,,,,,,0,36002
36003,26,西鉄甘木線,ニシテツアマギセン,西鉄甘木線,Nishitetsu Amagi Line,,,#1065AB,2,,,,,,,,,,0,36003
36004,26,西鉄貝塚線,ニシテツカイヅカセン,西鉄貝塚線,Nishitetsu Kaizuka Line,,,#1065AB,2,,,,,,,,,,0,36004
99101,101,札幌市営地下鉄東西線,サッポロシエイチカテツトウザイセン,札幌市営地下鉄東西線,Sapporo Municipal Subway Tozai Line,,,#FFA500,3,T,,,#FFA500,,,ROUND,,,0,99101
99102,101,札幌市営地下鉄南北線,サッポロシエイチカテツトナンボクセン,札幌市営地下鉄南北線,Sapporo Municipal Subway Namboku Line,,,#008000,3,N,,,#008000,,,ROUND,,,0,99102
99103,101,札幌市営地下鉄東豊線,サッポロシエイチカテツトウホウセン,札幌市営地下鉄東豊線,Sapporo Municipal Subway Toho Line,,,#0080FF,3,H,,,#0080FF,,,ROUND,,,0,99103
99104,101,札幌市電山鼻線,サッポロシデンヤマハナセン,札幌市電山鼻線,Yamahana Streetcar Line,,,#2A74BC,4,,,,,,,,,,0,99104
99105,102,函館市電２系統,ハコダテシデンニケイトウ,函館市電２系統,Hakodate Streetcar Route 2,,,#004896,4,DY,Y,,#004896,,,ROUND,,,0,99105
99106,102,函館市電５系統,ハコダテシデンゴケイトウ,函館市電５系統,Hakodate Streetcar Route 5,,,#004896,4,DY,D,,#004896,,,ROUND,,,0,99106
99107,103,ふるさと銀河線,フルサトギンガセン,北海道ちほく高原鉄道ふるさと銀河線,Furusato Ginga Line,,,#B63238,2,,,,,,,,,,2,99107
99108,248,道南いさりび鉄道線,ドウナンイサリビテツドウセン,道南いさりび鉄道線,South Hokkaido Railway Line,,,#246DAC,2,sh,H,,#246DAC,#0072BC,,REVERSED_ROUND,ROUND,,0,99108
99201,104,津軽鉄道線,ツガルテツドウセン,津軽鉄道線,Tsugaru Railway Line,,,#8D8335,2,,,,,,,,,,0,99201
99202,105,弘南鉄道弘南線,コウナンテツドウコウナンセン,弘南鉄道弘南線,Konan Railway Konan Line,,,#1E9B49,2,,,,,,,,,,0,99202
99203,105,弘南鉄道大鰐線,コウナンテツドウオオワニセン,弘南鉄道大鰐線,Konan Railway Owani Line,,,#F39918,2,,,,,,,,,,0,99203
99204,106,十和田観光電鉄,トワダカンコウデンテツ,十和田観光電鉄,Towada Kanko Electric Railway Line,,,#2826FE,2,,,,,,,,,,2,99204
99205,107,いわて銀河鉄道線,イワテギンガテツドウセン,いわて銀河鉄道線,Iwate Galaxy Railway Line,,,#003399,2,,,,,,,,,,0,99205
99206,108,青い森鉄道線,アオイモリテツドウセン,青い森鉄道線,Aoimori Railway Line,,,#00FFFF,2,,,,,,,,,,0,99206
99207,109,三陸鉄道北リアス線,サンリクテツドウキタリアスセン,三陸鉄道北リアス線,Sanriku Railway North Rias Line,,,#EC6821,2,,,,,,,,,,2,99207
99208,109,三陸鉄道リアス線,サンリクテツドウリアスセン,三陸鉄道リアス線,Sanriku Railway Rias Line,,,#EC6821,2,,,,,,,,,,0,99208
99209,110,秋田内陸線,アキタナイリクセン,秋田内陸縦貫鉄道秋田内陸線,Akita Nairiku Line,,,#990000,2,,,,,,,,,,0,99209
99210,111,鳥海山ろく線,チョウカイサンロクセン,由利高原鉄道鳥海山ろく線,Chokai Sanroku Line,,,#B5E61D,2,,,,,,,,,,0,99210
99211,112,フラワー長井線,ヤマガタテツドウフラワーナガイセン,山形鉄道フラワー長井線,Flower Nagai Line,,,#F892F4,2,,,,,,,,,,0,99211
99212,113,くりはら田園鉄道線,クリハラデンエンテツドウセン,くりはら田園鉄道線,Kurihara Den'en Railway Line,,,#8E2229,2,,,,,,,,,,2,99212
99213,114,阿武隈急行線,アブクマキュウコウセン,阿武隈急行線,Abukuma Express Line,,,#37CB7F,2,,,,,,,,,,0,99213
99214,115,仙台市営地下鉄南北線,センダイシエイチカテツナンボクセン,仙台市営地下鉄南北線,Sendai Subway Namboku Line,,,#339966,3,N,,,#339966,,,ROUND,,,0,99214
99218,115,仙台市営地下鉄東西線,センダイシエイチカテツトウザイセン,仙台市営地下鉄東西線,Sendai Subway Tozai Line,,,#00B1DD,3,T,,,#00B1DD,,,ROUND,,,0,99214
99215,116,福島交通飯坂線,フクシマシエイコウツウイイザカセン,福島交通飯坂線,Fukushima Kotsu Iizaka Line,,,#BFBFFF,2,,,,,,,,,,0,99215
99216,117,会津鉄道会津線,アイヅテツドウアイヅセン,会津鉄道会津線,Aizu Railway Aizu Line,,,#265613,2,,,,,,,,,,0,99216
99217,118,仙台空港線,センダイクウコウセン,仙台空港鉄道仙台空港線,Sendai Airport Line,,,#2A5CAA,2,,,,,,,,,,0,99217
99301,119,都営大江戸線,トエイオオエドセン,都営大江戸線,Toei Oedo Line,都营大江户线,도에이 오에도선,#B6007A,3,E,,,#B6007A,,,ROUND,,,0,99301
99302,119,都営浅草線,トエイアサクサセン,都営浅草線,Toei Asakusa Line,都营浅草线,도에이 아사쿠사선,#EC6E65,3,A,,,#EC6E65,,,ROUND,,,0,99302
99303,119,都営三田線,トエイミタセン,都営三田線,Toei Mita Line,都营三田线,도에이 미타선,#0079C2,3,I,,,#0079C2,,,ROUND,,,0,99303
99304,119,都営新宿線,トエイシンジュクセン,都営新宿線,Toei Shinjuku Line,都营新宿线,도에이 신주쿠선,#B0BF1E,3,S,,,#B0BF1E,,,ROUND,,,0,99304
99305,119,都電荒川線,トデンアラカワセン,都営都電荒川線,Tokyo Sakura Tram,都电荒川线,도덴 아라카와선,#EE86A7,4,SA,,,#EE86A7,,,REVERSED_ROUND,,,0,99305
99342,119,日暮里・舎人ライナー,ニッポリ・トネリライナー,日暮里・舎人ライナー,Nippori-Toneri Liner,日暮里-舍人线,닛포리·도네리 라이너,#69B444,5,NT,,,#69B444,,,NTL,,,0,99305
99306,120,秩父鉄道秩父本線,チチブテツドウチチブホンセン,秩父鉄道秩父本線,Chichibu Railway Chichibu Main Line,秩父铁道秩父本线,지치부 철도 지치부 본선,#0054A6,2,CR,,,#0054A6,,,ROUND,,,0,99306
99307,121,埼玉高速鉄道線,サイタマコウソクテツドウセン,埼玉高速鉄道線,Saitama Rapid Railway Line,埼玉高速铁道线,사이타마 고속 철도선,#3565AD,2,SR,,,#3565AD,,,ROUND,,,0,99307
99308,122,いすみ線,イスミセン,いすみ鉄道いすみ線,Isumi Line,夷隅线,이스미선,#FFDC00,2,,,,,,,,,,0,99308
99309,123,つくばエクスプレス,ツクバエクスプレス,首都圏新都市鉄道つくばエクスプレス,Tsukuba Express,筑波快线,쓰쿠바 익스프레스,#273E6C,2,TX,,,#273E6C,,,REVERSED_SQUARE,,,0,99309
99310,124,みなとみらい線,ミナトミライセン,みなとみらい21線,Minatomirai Line,港未来线,미나토미라이선,#013274,2,MM,,,#013274,,,REVERSED_SQUARE,,,0,99310
99311,125,ゆりかもめ,ユリカモメ,ゆりかもめ東京臨海新交通臨海線,Yurikamome,百合鸥,유리카모메,#00418E,5,U,,,#00418E,,,REVERSED_ROUND,,,0,99311
99312,126,わたらせ渓谷線,ワタラセケイコクセン,わたらせ渓谷鐵道わたらせ渓谷線,Watarase Keikoku Line,渡良濑溪谷线,와타라세 계곡선,#5B1511,2,WK,,,#5B1511,,,ROUND,,,0,99312
99313,127,ユーカリが丘線,ユーガリガオカセン,山万ユーカリが丘線,Yukarigaoka Line,有加利丘线,유카리가오카선,#30B474,5,,,,#5B1511,,,ROUND,,,0,99313
99314,128,伊豆箱根鉄道大雄山線,イズハコネテツドウダイユウザンセン,伊豆箱根鉄道大雄山線,Izuhakone Railway Daiyuzan Line,伊豆箱根铁道大雄山线,이즈하코네 철도 다이유잔선,#0D52A0,2,ID,,,#0D52A0,,,REVERSED_ROUND,,,0,99314
99315,129,ひたちなか海浜鉄道湊線,ヒタチナカカイヒンテツドウミナトセン,ひたちなか海浜鉄道湊線,Hitachinaka Seaside Railway,常陆那珂海滨铁道凑线,히타치나카 해안철도 미나토선,#A77718,2,,,,,,,,,,0,99315
99316,130,ブルーライン,ブルーライン,横浜市高速鉄道1号線・3号線,Blue Line,蓝线,블루라인,#006BF0,3,B,,,#006BF0,,,REVERSED_ROUND,,,0,99316
99343,130,グリーンライン,グリーンライン,横浜市高速鉄道4号線,Green Line,绿线,그린라인,#40CC40,3,G,,,#40CC40,,,REVERSED_ROUND,,,0,99316
99317,131,金沢シーサイドライン,カナザワシーサイドライン,横浜新都市交通金沢シーサイドライン,Kanazawa Seaside Line,横滨海岸线,요코하마 시사이드라인,#F68B1E,5,,,,,,,,,,0,99317
99318,132,関東鉄道常総線,カントウテツドウジョウソウセン,関東鉄道常総線,Kanto Railway Joso Line,关东铁道常总线,간토 철도 조소선,#121892,2,,,,,,,,,,0,99318
99319,132,関東鉄道竜ヶ崎線,カントウテツドウリュウガサキセン,関東鉄道竜ヶ崎線,Kanto Railway Ryugasaki Line,关东铁道龙崎线,간토 철도 류가사키선,#121892,2,,,,,,,,,,0,99319
99320,133,江ノ島電鉄線,エノシマデンテツセン,江ノ島電鉄線,Enoshima Electric Railway Line,江之岛电铁线,에노시마 전철선,#209A3F,2,,,,,,,,,,0,99320
99321,134,ニューシャトル,ニューシャトル,埼玉新都市交通伊奈線,New Shuttle,伊奈线,이나선,#339999,5,NS,,,#339999,,,NEW_SHUTTLE,,,0,99321
99322,135,鹿島鉄道線,カシマテツドウセン,鹿島鉄道線,Kashima Railway Line,鹿岛鉄道线,카시마 철도선,#CC0000,2,,,,,,,,,,2,99322
99323,136,鹿島臨海鉄道大洗鹿島線,カシマリンカイテツドウオオアライカシマセン,鹿島臨海鉄道大洗鹿島線,Oarai Kashima Line,鹿岛临海铁道大洗鹿岛线,가시마 임해 철도 오아라이카시마선,#3260C0,2,,,,,,,,,,0,99323
99324,137,芝山鉄道線,シバヤマテツドウセン,芝山鉄道線,Shibayama Railway Line,芝山铁道线,시바야마 철도선,#33CC33,2,SR,KS,,#007F5A,#005AAA,,KEISEI,KEISEI,,0,99324
99325,138,小湊鉄道線,コミナトテツドウセン,小湊鉄道線,Kominato Line,小凑铁道线,코미나토 철도선,#DCBC9F,2,,,,,,,,,,0,99325
99326,139,湘南モノレール,ショウナンモノレール,湘南モノレール,Shonan Monorail,湘南单轨电车,쇼난 모노레일,#3E7AFF,5,SMR,,,#000000,,,SMR,,,0,99326
99327,140,上信電鉄,ジョウシンデンテツ,上信電鉄,Joshin Dentetsu Line,上信电铁,조신 전철,#457BC6,2,,,,,,,,,,0,99327
99328,141,上毛電気鉄道上毛線,ジョウモウデンキテツドウジョウモウセン,上毛電気鉄道上毛線,Jomo Line,上毛电气铁道上毛线,조모 전기 철도 조모선,#40E0D0,2,,,,,,,,,,0,99328
99329,142,新京成線,シンケイセイセン,新京成電鉄新京成線,Shin-Keisei Line,新京成线,신케이세이선,#EF59A1,2,SL,,,#EF59A1,,,KEISEI,,,0,99329
99330,143,真岡鐵道真岡線,モオカテツドウモオカセン,真岡鐵道真岡線,Moka Line,真冈铁道真冈线,모카 철도 모카선,#EE5B5B,2,,,,,,,,,,0,99330
99331,144,千葉都市モノレール１号線,チバトシモノレールイチゴウセン,千葉都市モノレール１号線,Chiba Urban Monorail Line 1,千叶都市单轨电车1号线,지바 도시 모노레일 1호선,#192198,5,CM,,,#3E8BAD,,,ROUND,,,0,99331
99332,144,千葉都市モノレール２号線,チバトシモノレールニゴウセン,千葉都市モノレール２号線,Chiba Urban Monorail Line 2,千叶都市单轨电车2号线,지바 도시 모노레일 2호선,#192198,5,CM,,,#3E8BAD,,,ROUND,,,0,99332
99333,145,流鉄流山線,リュウテツナガレヤマセン,流鉄流山線,Ryutetsu Nagareyama Line,流铁流山线,류테츠나가레야마선,#B58429,2,RN,,,#B58429,,,ROUND,,,0,99333
99334,146,多摩モノレール,タマモノレール,多摩都市モノレール線,Tama Toshi Monorail Line,多摩都市单轨电车线,다마 도시 모노레일선,#FF6633,5,TT,,,#37615E,,,SQUARE,,,0,99334
99335,147,銚子電鉄線,チョウシデンテツセン,銚子電気鉄道線,Choshi Electric Railway Line,铫子电气铁道线,조시 전기철도선,#EDB37F,2,CD,,,#000000,,,SQUARE,,,0,99335
99336,148,東京モノレール,トウキョウモノレール,東京モノレール羽田空港線,Tokyo Monorail,东京单轨电车,도쿄 모노레일,#003686,5,MO,,,#003686,,,SQUARE,,,0,99336
99337,149,りんかい線,リンカイセン,東京臨海高速鉄道りんかい線,Rinkai Line,临海线,린카이선,#00418E,2,R,,,#00418E,,,TWR,,,0,99337
99338,150,東葉高速線,トウヨウコウソクセン,東葉高速鉄道東葉高速線,Toyo Rapid Railway Line,东叶高速线,도요 고속선,#66CC00,2,TR,,,#66CC00,,,ROUND,,,0,99338
99339,151,箱根登山鉄道鉄道線,ハコネトザンテツドウテツドウセン,箱根登山鉄道鉄道線,Hakone Tozan Line,箱根登山铁道铁道线,하코네 등산 철도 철도선,#F04A00,2,OH,,,#F04A00,,,HAKONE,,,0,99339
99340,152,北総鉄道北総線,ホクソウテツドウホクソウセン,北総鉄道北総線,Hokuso Line,北总铁道北总线,호쿠소 철도 호쿠소선,#3333FF,2,HS,KS,,#3333FF,#005AAA,,KEISEI,KEISEI,,0,99340
99341,153,ほっとスパ・ライン,ホットスパライン,野岩鉄道会津鬼怒川線,Hot Spa Line,,,#00733C,2,,,,,,,,,,0,99341
99344,151,箱根登山ケーブルカー,ハコネトザンケーブルカー,箱根登山鉄道鋼索線,Hakone Tozan Cable Car,,,#BE3C27,0,,,,,,,,,,0,99344
99345,250,芳賀・宇都宮LRT,ウツノミヤハガライトレールセン,宇都宮芳賀ライトレール線,Haga Utsunomiya LRT,芳贺/宇都宫LRT,하가 · 우츠노미야 LRT,#F9BE00,4,,,,,,,MONOCHROME_ROUND,,,0,99345
99401,154,富士急行線,フジキュウコウセン,富士急行線,Fujikyuko Line,,,#E83917,2,FJ,,,#000000,,,ROUND,,,0,99401
99402,155,北越急行ほくほく線,ホクエツキュウコウホクホクセン,北越急行ほくほく線,Hokuhoku Line,,,#CC3366,2,,,,,,,,,,0,99402
99403,156,しなの鉄道線,シナノテツドウセン,しなの鉄道線,Shinano Railway Line,,,#F0A401,2,,,,,,,,,,0,99403
99427,156,北しなの線,キタシナノセン,北しなの線,Kita-Shinano Line,,,#FEC9FE,2,,,,,,,,,,0,99403
99404,157,上田電鉄別所線,ウエダデンテツベッショセン,上田電鉄別所線,Ueda Electric Railway Bessho Line,,,#E0F3C7,2,BE,,,#0B2846,,,REVERSED_ROUND,,,0,99404
99405,158,長野電鉄長野線,ナガノデンテツナガノセン,長野電鉄長野線,Nagano Electric Railway Nagano Line,,,#E21919,2,N,,,#E21919,,,REVERSED_ROUND_HORIZONTAL,,,0,99405
99406,158,長野電鉄屋代線,ナガノデンテツヤシロセン,長野電鉄屋代線,Nagano Electric Railway Yashiro Line,,,#E21919,2,Y,,,#E21919,,,REVERSED_ROUND_HORIZONTAL,,,2,99406
99407,159,上高地線,カミコウチセン,アルピコ交通上高地線,Kamikochi Line,,,#465DAA,2,AK,,,#465DAA,,,ROUND,,,0,99407
99408,160,富山地鉄本線,トヤマチテツホンセン,富山地鉄本線,Toyama Chiho Railway Main Line,,,#1D1686,2,T,,,,,,,,,0,99408
99409,160,富山地鉄立山線,トヤマチテツタテヤマセン,富山地鉄立山線,Toyama Chiho Railway Tateyama Line,,,#008000,2,T,,,,,,,,,0,99409
99410,160,富山地鉄不二越・上滝線,トヤマチテツフジコシ・カミダキセン,富山地鉄不二越・上滝線,Toyama Chiho Railway Fujikoshi-Kamidaki Line,,,#7E490A,2,T,,,,,,,,,0,99410
99411,161,神岡鉄道神岡線,カミオカテツドウカミオカセン,神岡鉄道神岡線,Kamioka Railway Kamioka Line,,,#DC4C14,2,,,,,,,,,,2,99411
99412,162,黒部峡谷鉄道本線,クロベキョウコクテツドウホンセン,黒部峡谷鉄道本線,Kurobe Gorge Main Line,,,#EE7700,2,,,,,,,,,,0,99412
99413,160,富山地鉄市内線【１・２系統】,トヤマチテツシナイセン,富山地鉄市内線,Toyama City Tram Line Route 1/2,,,#EF1731,4,C,,,,,,,,,0,99413
99422,160,富山地鉄富山都心線【３系統】,トヤマチテツトヤマトシンセン,富山地鉄富山都心線,Toyama City Tram Line Route 3,,,#4243BE,4,C,,,,,,,,,0,99413
99414,163,万葉線,マンヨウセン,万葉線,Manyo Line,,,#FF0B4B,4,,,,,,,,,,0,99414
99415,160,富山港線,トヤマコウセン,富山港線,Toyamako line,,,#3698C4,4,C,,,,,,,,,0,99415
99416,165,北陸鉄道石川線,ホクリクテツドウイシカワセン,北陸鉄道石川線,Hokuriku Railroad Ishikawa Line,,,#A9731E,2,I,,,,,,,,,0,99416
99417,165,北陸鉄道浅野川線,ホクリクテツドウアサノガワセン,北陸鉄道浅野川線,Hokuriku Railroad Asanogawa Line,,,#559652,2,A,,,,,,,,,0,99417
99423,244,日本海ひすいライン,ニホンカイヒスイライン,日本海ひすいライン,Nihonkai Hisui Line,,,#3782BD,2,,,,,,,,,,0,99417
99424,244,妙高はねうまライン,ミョウコウハネウマライン,妙高はねうまライン,Myoko Haneuma Line,,,#35C98E,2,,,,,,,,,,0,99417
99425,245,あいの風とやま鉄道線,アイノカゼトヤマテツドウセン,あいの風とやま鉄道線,Ainokaze Toyama Railway Line,,,#63C65E,2,,,,,,,,,,0,99417
99426,246,IRいしかわ鉄道線,アイアールイシカワテツドウセン,IRいしかわ鉄道株式会社,IR Ishikawa Railway Line,,,#25A6DF,2,,,,,,,,,,0,99417
99418,166,のと鉄道七尾線,ノトテツドウナナオセン,のと鉄道七尾線,Noto Railway Nanao Line,,,#1594EB,2,,,,,,,,,,0,99418
99419,167,えちぜん鉄道勝山永平寺線,エチゼンテツドウカツヤマエイヘイジセン,えちぜん鉄道勝山永平寺線,Echizen Railway Katsuyama Eiheiji Line,,,#FD6802,2,E,,,,,,,,,0,99419
99420,167,えちぜん鉄道三国芦原線,エチゼンテツドウミクニアワラセン,えちぜん鉄道三国芦原線,Echizen Railway Mikuni Ashihara Line,,,#0069FF,2,E,,,,,,,,,0,99420
99421,168,福井鉄道福武線,フクイテツドウフクブセン,福井鉄道福武線,Fukui Railway Fukutake Line,,,#197A3D,4,,,,,,,,,,0,99421
99501,169,伊豆急行線,イズキュウコウセン,伊豆急行線,Izu Kyuko Line,,,#0085CD,2,IZ,,,#000000,,,SQUARE,,,0,99501
99502,128,伊豆箱根鉄道駿豆線,イズハコネテツドウスンズセン,伊豆箱根鉄道駿豆線,Izuhakone Railway Sunzu Line,,,#08746F,2,,,,,,,,,,0,99502
99503,170,岳南鉄道線,ガクナンテツドウセン,岳南鉄道線,Gakunan Railway Line,,,#6B0102,2,GD,,,,,,,,,0,99503
99504,171,静岡鉄道静岡清水線,シズオカテツドウシズオカシミズセン,静岡鉄道静岡清水線,Shizuoka Railway Shizuoka Shimizu Line,,,#0063B5,2,S,,,,,,,,,0,99504
99505,172,天竜浜名湖線,テンリュウハマナコセン,天竜浜名湖鉄道天竜浜名湖線,Tenryu Hamanako Line,,,#95805A,2,,,,,,,,,,0,99505
99506,173,遠州鉄道鉄道線,エンシュウテツドウテツドウセン,遠州鉄道鉄道線,Enshu Railway Line,,,#0672B0,2,ET,,,,,,REVERSED_SQUARE,,,0,99506
99507,174,大井川鐵道大井川本線,オオイガワテツドウオオイガワホンセン,大井川鐵道大井川本線,Oigawa Railway Oigawa Main Line,,,#F5F5F5,2,,,,,,,,,,0,99507
99508,174,南アルプスあぷとライン,ミナミアルプスアプトライン,大井川鐵道井川線,Oigawa Railway Ikawa Line,,,#FFFFCC,2,,,,,,,,,,0,99508
99509,175,あおなみ線,アオナミセン,西名古屋港線,Aonami Line,,,#464285,2,AN,,,#464285,,,ROUND,,,0,99509
99510,176,東海交通事業城北線,トウカイコウツウジギョウジョウホクセン,東海交通事業城北線,Tokai Transport Service Johoku Line,,,#FF6600,2,,,,,,,,,,0,99510
99511,177,愛知環状鉄道線,アイチカンジョウテツドウセン,愛知環状鉄道線,Aichi Loop Line,,,#2A359D,2,,,,#2A359D,,,MONOCHROME_ROUND,,,0,99511
99512,178,リニモ,リニモ,東部丘陵線,Linimo,,,#0D1F70,5,L,,,,,,,,,0,99512
99513,179,名古屋市営地下鉄東山線,ナゴヤシエイチカテツヒガシヤマセン,名古屋市営地下鉄東山線,Nagoya Municipal Subway Higashiyama Line,,,#FFCC00,3,H,,,#FFCC00,,,ROUND,,,0,99513
99514,179,名古屋市営地下鉄名城線,ナゴヤシエイチカテツメイジョウセン,名古屋市営地下鉄名城線,Nagoya Municipal Subway Meijo Line,,,#9B74C1,3,M,,,#9B74C1,,,ROUND,,,0,99514
99515,179,名古屋市営地下鉄名港線,ナゴヤシエイチカテツメイコウセン,名古屋市営地下鉄名港線,Nagoya Municipal Subway Meiko Line,,,#9B74C1,3,E,,,#9B74C1,,,ROUND,,,0,99515
99516,179,名古屋市営地下鉄鶴舞線,ナゴヤシエイチカテツツルマイセン,名古屋市営地下鉄鶴舞線,Nagoya Municipal Subway Tsurumai Line,,,#04ACDD,3,T,,,#04ACDD,,,ROUND,,,0,99516
99517,179,名古屋市営地下鉄桜通線,ナゴヤシエイチカテツサクラドオリセン,名古屋市営地下鉄桜通線,Nagoya Municipal Subway Sakuradori Line,,,#FF0000,3,S,,,#FF0000,,,ROUND,,,0,99517
99518,179,名古屋市営地下鉄上飯田線,ナゴヤシエイチカテツカミイイダセン,名古屋市営地下鉄上飯田線,Nagoya Municipal Subway Kamiida Line,,,#FF66C4,3,K,,,#FF66C4,,,ROUND,,,0,99518
99519,180,ピーチライナー,ピーチライナー,桃花台新交通,Peach Liner,,,#F9F9F9,5,,,,,,,,,,2,99519
99520,181,豊橋鉄道渥美線,トヨハシテツドウアツミセン,豊橋鉄道渥美線,Toyohashi Railroad Atsumi Line,,,#1A9B96,4,,,,,,,,,,0,99520
99521,181,豊橋鉄道東田本線,トヨハシテツドウアヅマダホンセン,豊橋鉄道東田本線,Toyohashi Railroad Azumada Main Line,,,#1A9B96,4,,,,,,,,,,0,99521
99522,181,豊橋鉄道運動公園前線,トヨハシテツドウウンドウコウエンマエセン,豊橋鉄道運動公園前線,Toyohashi Railroad Yagyu-bashi Branch Line,,,#1A9B96,4,,,,,,,,,,2,99522
99523,182,ゆとりーとライン,ユトリートライン,ガイドウェイバス志段味線,Yutorito Line,,,#3C459A,5,Y,,,#3C459A,,,ROUND,,,0,99523
99524,183,明知鉄道明知線,アケチテツドウアケチセン,明知鉄道明知線,Akechi Railway Akechi Line,,,#EFEFEF,2,,,,,,,,,,0,99524
99525,184,長良川鉄道越美南線,ナガラガワテツドウエツミナンセン,長良川鉄道越美南線,Nagaragawa Railway Etsumi-Nan Line,,,#FF1493,2,,,,#1C4A9A,,,REVERSED_ROUND,,,0,99525
99526,185,樽見鉄道樽見線,タルミテツドウタルミセン,樽見鉄道樽見線,Tarumi Railway Tarumi Line,,,#097AD6,2,TR,,,,,,,,,0,99526
99528,186,三岐鉄道三岐線,サンギテツドウサンギセン,三岐鉄道三岐線,Sangi Railway Sanki Line,,,#0D287C,2,,,,,,,,,,0,99528
99529,186,三岐鉄道北勢線,サンギテツドウホクセイセン,三岐鉄道北勢線,Sangi Railway Hokusei Line,,,#0D287C,2,,,,,,,,,,0,99529
99530,187,伊勢鉄道伊勢線,イセテツドウイセセン,伊勢鉄道伊勢線,Ise Railway Ise Line,,,#0300FA,2,,,,,,,,,,0,99530
99531,188,伊賀鉄道伊賀線,イガテツドウイガセン,伊賀鉄道伊賀線,Iga Railway Iga Line,,,#895B8A,2,,,,,,,,,,0,99531
99532,189,養老鉄道養老線,ヨウロウテツドウヨウロウセン,養老鉄道養老線,Yoro Railway Yoro Line,,,#ADDB8E,2,,,,,,,,,,0,99532
99601,190,近江鉄道本線,オウミテツドウホンセン,近江鉄道本線,Ohmi Railway Main Line,,,#DF8A28,2,OR,,,,,,,,,0,99601
99602,190,近江鉄道多賀線,オウミテツドウタガセン,近江鉄道多賀線,Ohmi Railway Taga Line,,,#DF8A28,2,OR,,,,,,,,,0,99602
99603,190,近江鉄道八日市線,オウミテツドウヨウカイチセン,近江鉄道八日市線,Ohmi Railway Yokaichi Line,,,#DF8A28,2,OR,,,,,,,,,0,99603
99604,191,信楽高原鐵道信楽線,シガラキコウゲンテツドウシガラキセン,信楽高原鐵道信楽線,Shigaraki Kogen Railway Shigaraki Line,,,#FF6633,2,,,,,,,,,,0,99604
99605,192,嵯峨野観光線,サガノカンコウセン,嵯峨野観光線,Sagano Scenic Railway,,,#B22222,2,,,,,,,,,,0,99605
99606,193,叡山電鉄叡山本線,エイザンデンテツエイザンホンセン,叡山電鉄叡山本線,Eizan Electric Railway Eizan Main Line,,,#007F00,2,E,,,#007F00,,,KEIHAN,,,0,99606
99607,193,叡山電鉄鞍馬線,エイザンデンテツクラマセン,叡山電鉄鞍馬線,Eizan Electric Railway Kurama Line,,,#FF0000,2,E,,,#007F00,,,KEIHAN,,,0,99607
99608,194,宮福線,ミヤフクセン,宮福線,Miyafuku Line,,,#429BE1,2,F,,,#EA4F6F,,,REVERSED_SQUARE,,,0,99608
99609,194,宮豊線,ミヤトヨセン,宮豊線,Miyatoyo Line,,,#FF4E6F,2,T,,,#EA4F6F,,,REVERSED_SQUARE,,,0,99609
99653,194,宮舞線,ミヤマイセン,宮舞線,Miyamai Line,,,#B230D1,0,M,,,#EA4F6F,,,REVERSED_SQUARE,,,0,99609
99610,195,京都市営地下鉄烏丸線,キョウトシエイチカテツカラスマセン,京都市営地下鉄烏丸線,Kyoto Municipal Subway Karasuma Line,,,#66CC99,3,K,,,#66CC99,,,REVERSED_ROUND,,,0,99610
99611,195,京都市営地下鉄東西線,キョウトシエイチカテツトウザイセン,京都市営地下鉄東西線,Kyoto Municipal Subway Tozai Line,,,#FF6600,3,T,,,#FF6600,,,REVERSED_ROUND,,,0,99611
99612,196,京福電鉄嵐山本線,ケイフクデンテツアラシヤマホンセン,京福電鉄嵐山本線,Keifuku Electric Railway Arashiyama Main Line,,,#CC0033,4,A,,,#CC0033,,,REVERSED_ROUND_HORIZONTAL,,,0,99612
99613,196,京福電鉄北野線,ケイフクデンテツキタノセン,京福電鉄北野線,Keifuku Electric Railway Kitano Line,,,#6666CC,4,B,A,,#6666CC,#CC0033,,REVERSED_ROUND_HORIZONTAL,,,0,99613
99614,197,北大阪急行電鉄,キタオオサカキュウコウデンテツ,北大阪急行電鉄,Kita Osaka Express Electric Railway,,,#DD5B5C,2,M,,,#000080,,,REVERSED_ROUND,,,0,99614
99616,198,泉北高速鉄道線,センボクコウソクテツドウセン,泉北高速鉄道線,Semboku Rapid Railway,,,#0099FF,2,SB,,,#0099FF,,,REVERSED_ROUND,,,0,99616
99617,199,水間鉄道水間線,ミズマテツドウミズマセン,水間鉄道水間線,Mizuma Railway Mizuma Line,,,#005CB1,2,,,,,,,,,,0,99617
99618,249,Osaka Metro御堂筋線,オオサカメトロミドウスジセン,高速電気軌道第1号線,Midosuji Line,御堂筋线,미도스지선,#E5171F,3,M,,,#E5171F,,,REVERSED_ROUND,,,0,99618
99619,249,Osaka Metro谷町線,オオサカメトロタニマチセン,高速電気軌道第2号線,Tanimachi Line,谷町线,다니마치선,#522886,3,T,,,#522886,,,REVERSED_ROUND,,,0,99619
99620,249,Osaka Metro四つ橋線,オオサカメトロヨツバシセン,高速電気軌道第3号線,Yotsubashi Line,四桥线,요쓰바시선,#0078BA,3,Y,,,#0078BA,,,REVERSED_ROUND,,,0,99620
99621,249,Osaka Metro中央線,オオサカメトロチュウオウセン,高速電気軌道第4号線,Chuo Line,中央线,주오선,#019A66,3,C,,,#019A66,,,REVERSED_ROUND,,,0,99621
99622,249,Osaka Metro千日前線,オオサカメトロセンニチマエセン,高速電気軌道第5号線,Sennichimae Line,千日前线,센니치마에선,#E44D93,3,S,,,#E44D93,,,REVERSED_ROUND,,,0,99622
99623,249,Osaka Metro堺筋線,オオサカメトロサカイスジセン,高速電気軌道第6号線,Sakaisuji Line,堺筋线,사카이스지선,#814721,3,K,,,#814721,,,REVERSED_ROUND,,,0,99623
99624,249,Osaka Metro長堀鶴見緑地線,オオサカメトロナガホリツルミリョクチセン,高速電気軌道第7号線,Nagahori Tsurumi-ryokuchi Line,长堀鹤见绿地线,나가호리쓰루미료쿠치선,#A9CC51,3,N,,,#A9CC51,,,REVERSED_ROUND,,,0,99624
99652,249,Osaka Metro今里筋線,オオサカメトロイマザトスジセン,高速電気軌道第8号線,Imazatosuji Line,今里筋线,이마자토스지선,#EE7B1A,3,I,,,#EE7B1A,,,REVERSED_ROUND,,,0,99624
99625,249,Osaka Metro南港ポートタウン線,オオサカメトロナンコウポートタウンセン,大阪市高速電気軌道南港ポートタウン線,Nanko Port Town Line,南港港城线,포트타운선,#00A0DE,5,P,,,#00A0DE,,,REVERSED_ROUND,,,0,99625
99626,201,大阪モノレール線,オオサカモノレールセン,大阪モノレール線,Osaka Monorail Main Line,,,#5058C3,5,,,,,,,,,,0,99626
99627,201,大阪モノレール彩都線,オオサカモノレールサイトセン,国際文化公園都市線,Osaka Monorail Saito Line,,,#5058C3,5,,,,,,,,,,0,99627
99628,202,阪堺電軌上町線,ハンカイデンキウエマチセン,阪堺電軌上町線,Hankai Uemachi Line,,,#083388,4,HN,,,#000000,,,SQUARE,,,0,99628
99629,202,阪堺電軌阪堺線,ハンカイデンキハンカイセン,阪堺電軌阪堺線,Hankai Line,,,#008947,4,HN,,,#000000,,,SQUARE,,,0,99629
99630,203,神戸高速東西線,コウベコウソクトウザイセン,神戸高速東西線,Kobe Rapid Transit Railway Tozai Line,,,#2560A8,2,HS,HK,SY,#2560A8,#2560A8,#F45757,HANSHIN,HANKYU,SANYO,0,99630
99631,203,神戸高速南北線,コウベコウソクナンボクセン,神戸高速南北線,Kobe Rapid Transit Railway Namboku Line,,,#2560A8,2,KB,,,#DD0033,,,HANSHIN,,,0,99631
99632,204,有馬線,アリマセン,神鉄有馬線,Arima Line,,,#D53924,2,KB,,,#DD0033,,,HANSHIN,,,0,99632
99633,204,三田線,サンダセン,神鉄三田線,Sanda Line,,,#D53924,2,KB,,,#DD0033,,,HANSHIN,,,0,99633
99634,204,公園都市線,コウエントシセン,神鉄公園都市線,Koen-Toshi Line,,,#D53924,2,KB,,,#DD0033,,,HANSHIN,,,0,99634
99635,204,粟生線,アオセン,神鉄粟生線,Ao Line,,,#D53924,2,KB,,,#DD0033,,,HANSHIN,,,0,99635
99636,211,神戸市営地下鉄北神線,コウベシエイチカテツホクシンセン,神戸市営地下鉄北神線,Kobe Municipal Subway Hokushin Line,,,#D59A00,2,S,,,#01AF98,,,SQUARE,,,0,99636
99637,206,山陽電鉄本線,サンヨウデンテツホンセン,山陽電鉄本線,Sanyo Electric Railway Main Line,,,#F45757,2,SY,,,#ED1A3D,,,SANYO,,,0,99637
99638,206,山陽電鉄網干線,サンヨウデンテツアボシセン,山陽電鉄網干線,Sanyo Electric Railway Aboshi Line,,,#F45757,2,SY,,,#ED1A3D,,,SANYO,,,0,99638
99615,207,能勢電鉄妙見線,ノセデンテツミョウケンセン,能勢電鉄妙見線,Nose Electric Railway Myoken Line,,,#B72142,2,NS,,,#B72142,,,REVERSED_ROUND,,,0,99640
99640,207,能勢電鉄日生線,ノセデンテツニッセイセン,能勢電鉄日生線,Nose Electric Railway Nissei Line,,,#B72142,2,NS,,,#B72142,,,REVERSED_ROUND,,,0,99640
99642,208,三木鉄道三木線,ミキテツドウミキセン,三木鉄道三木線,Miki Railway Miki Line,,,#009CFF,2,,,,,,,,,,2,99642
99643,209,北条鉄道北条線,ホウジョウテツドウホウジョウセン,北条鉄道北条線,Hojo Line,,,#7564D3,2,,,,,,,,,,0,99643
99644,210,智頭急行智頭線,チズキュウコウチズセン,智頭急行智頭線,Chizu Express Chizu Line,,,#000099,2,,,,,,,,,,0,99644
99645,211,神戸市営地下鉄西神線,コウベシエイチカテツセイシンセン,神戸市営地下鉄西神線,Kobe Municipal Subway Seishin Line,,,#01AF98,3,S,,,#01AF98,,,REVERSED_SQUARE_WEST,,,0,99645
99646,211,神戸市営地下鉄山手線,コウベシエイチカテツヤマテセン,神戸市営地下鉄山手線,Kobe Municipal Subway Yamate Line,,,#01AF98,3,S,,,#01AF98,,,REVERSED_SQUARE_WEST,,,0,99646
99647,211,神戸市営地下鉄海岸線,コウベシエイチカテツカイガンセン,神戸市営地下鉄海岸線,Kobe Municipal Subway Kaigan Line,,,#0388C0,3,K,,,#0388C0,,,REVERSED_SQUARE_WEST,,,0,99647
99648,212,ポートライナー,ポートライナー,神戸新交通ポートアイランド線,Port Liner,,,#9686BD,5,P,PL,,#9686BD,#9686BD,,REVERSED_SQUARE,REVERSED_SQUARE,,0,99648
99649,212,六甲ライナー,ロッコウライナー,神戸新交通六甲アイランド線,Rokko Liner,,,#9686BD,5,R,,,#9686BD,,,REVERSED_SQUARE,,,0,99649
99650,213,紀州鉄道線,キシュウテツドウセン,紀州鉄道線,Kishu Railway Line,,,#081042,2,,,,,,,,,,0,99650
99651,214,貴志川線,キシガワセン,和歌山電鐵貴志川線,Kishigawa Line,,,#DA381B,2,,,,,,,,,,0,99651
99701,215,若桜線,ワカサセン,若桜鉄道若桜線,Wakasa Line,,,#FF2F1A,2,,,,,,,,,,0,99701
99702,216,北松江線,キタマツエセン,一畑電車北松江線,Kita-Matsue Line,,,#EB5C02,2,,,,,,,,,,0,99702
99703,216,大社線,タイシャセン,一畑電車大社線,Taisha Line,,,#EB5C02,2,,,,,,,,,,0,99703
99704,217,水島本線,ミズシマホンセン,水島臨海鉄道水島本線,Mizushima Main Line,,,#CCFFFF,2,MR,,,#CCFFFF,,,REVERSED_ROUND,,,0,99704
99705,218,井原線,イバラセン,井原鉄道井原線,Ibara Line,,,#00AD66,2,,,,,,,,,,0,99705
99706,219,東山線,ヒガシヤマセン,岡山電軌東山本線,Higashiyama Line,,,#0A50A1,4,H,,,#EF1731,,,ROUND,,,0,99706
99707,219,清輝橋線,セイキバシセン,岡山電軌清輝橋線,Seikibashi Line,,,#9E49A1,4,S,,,#07502B,,,ROUND,,,0,99707
99708,220,スカイレールみどり坂線,スカイレールミドリザカセン,広島短距離交通瀬野線,Skyrail Midorizaka Line,,,#F9F9F9,5,,,,,,,,,,0,99708
99709,221,アストラムライン,アストラムライン,広島高速交通広島新交通1号線,Astram Line,,,#FFA500,5,,,,,,,,,,0,99709
99710,222,広電１号線,ヒロデンイチゴウセン,広電１号線,Hiroden Ujina Line,,,#FF5900,4,M,U,,#00A85F,#0092D7,,REVERSED_ROUND_HORIZONTAL,REVERSED_ROUND_HORIZONTAL,,0,99710
99711,222,広電２号線,ヒロデンニゴウセン,広電２号線,Hiroden Miyajima Line,,,#EF1731,4,M,,,#00A85F,,,REVERSED_ROUND_HORIZONTAL,,,0,99711
99712,222,広電３号線,ヒロデンサンゴウセン,広電３号線,Hiroden Streetcar Route 3,,,#4243BE,4,U,M,,#0092D7,#00A85F,,,,,0,99712
99713,222,広電５号線,ヒロデンゴゴウセン,広電５号線,Hiroden Minami Line,,,#00CC66,4,M,H,U,#00A85F,#7DBF4C,#0092D7,REVERSED_ROUND_HORIZONTAL,REVERSED_ROUND_HORIZONTAL,REVERSED_ROUND_HORIZONTAL,0,99713
99714,222,広電６号線,ヒロデンロクゴウセン,広電６号線,Hiroden Eba Line,,,#FFCC00,4,E,M,,#FEDB4F,#008033,,REVERSED_ROUND_HORIZONTAL,REVERSED_ROUND_HORIZONTAL,,0,99714
99715,222,広電７号線,ヒロデンナナゴウセン,広電７号線,Hiroden Streetcar Route 7,,,#005A52,4,Y,M,U,#ED8095,#00A85F,#0092D7,REVERSED_ROUND_HORIZONTAL,REVERSED_ROUND_HORIZONTAL,REVERSED_ROUND_HORIZONTAL,0,99715
99716,222,広電８号線,ヒロデンハチゴウセン,広電８号線,Hiroden Yokogawa Line,,,#DF60AE,4,Y,M,E,#ED8095,#00A85F,#FEDB4F,REVERSED_ROUND_HORIZONTAL,REVERSED_ROUND_HORIZONTAL,REVERSED_ROUND_HORIZONTAL,0,99716
99717,222,広電９号線,ヒロデンキュウゴウセン,広電９号線,Hiroden Hakushima Line,,,#797878,4,W,,,#797878,,,REVERSED_ROUND_HORIZONTAL,,,0,99717
99718,223,錦川清流線,ニシキガワセイリュウセン,錦川鉄道錦川清流線,Nishikigawa Seiryu Line,,,#E60010,2,,,,,,,,,,0,99718
99801,224,阿波室戸シーサイドライン,アサムロトシーサイドライン,阿佐海岸鉄道阿佐東線,Awa-Muroto Seaside Line,,,#A5AEB4,2,AK,,,#A5AEB4,,,ROUND,,,0,99801
99802,225,琴電琴平線,コトデンコトヒラセン,琴電琴平線,Kotoden Kotohira Line,,,#FFD400,2,K,,,#FFD400,,,ROUND,,,0,99802
99803,225,琴電長尾線,コトデンナガオセン,琴電長尾線,Kotoden Nagao Line,,,#009966,2,N,,,#009966,,,ROUND,,,0,99803
99804,225,琴電志度線,コトデンシドセン,琴電志度線,Kotoden Shido Line,,,#FF3366,2,S,,,#FF3366,,,ROUND,,,0,99804
99805,226,伊予鉄道郡中線,イヨテツドウグンチュウセン,伊予鉄道郡中線,Iyotetsu Gunchu Line,,,#F15A22,2,IY,,,#F15A22,,,REVERSED_ROUND,,,0,99805
99806,226,伊予鉄道高浜線,イヨテツドウタカハマセン,伊予鉄道高浜線,Iyotetsu Takahama Line,,,#9ACD32,2,IY,,,#9ACD32,,,REVERSED_ROUND,,,0,99806
99807,226,伊予鉄道横河原線,イヨテツドウヨコガワラセン,伊予鉄道横河原線,Iyotetsu Yokogawara Line,,,#00BBEE,2,IY,,,#00BBEE,,,REVERSED_ROUND,,,0,99807
99808,226,伊予鉄道環状線,イヨテツドウカンジョウセン,伊予鉄道１系統,Iyotetsu Route 1 Loop Line,,,#CD6803,4,IY,,,#CD6803,,,REVERSED_ROUND,,,0,99808
99809,226,伊予鉄道環状線,イヨテツドウカンジョウセン,伊予鉄道２系統,Iyotetsu Route 2 Loop Line,,,#CD6803,4,IY,,,#CD6803,,,REVERSED_ROUND,,,0,99809
99810,226,伊予鉄道市駅線,イヨテツドウシエキセン,伊予鉄道３系統,Iyotetsu Route 3,,,#CD6803,4,IY,,,#CD6803,,,REVERSED_ROUND,,,0,99810
99811,226,伊予鉄道松山駅前線,イヨテツドウマツヤマエキマエセン,伊予鉄道５系統,Iyotetsu Route 5,,,#CD6803,4,IY,,,#CD6803,,,REVERSED_ROUND,,,0,99811
99812,226,伊予鉄道本町線,イヨテツドウホンマチセン,伊予鉄道６系統,Iyotetsu Route 6,,,#CD6803,4,IY,,,#CD6803,,,REVERSED_ROUND,,,0,99812
99814,227,中村線,ナカムラセン,土佐くろしお鉄道中村線,Nakamura Line,,,#32455C,2,TK,,,#32455C,,,ROUND,,,0,99814
99815,227,宿毛線,スクモセン,土佐くろしお鉄道宿毛線,Sukumo Line,,,#32455C,2,TK,,,#32455C,,,ROUND,,,0,99815
99816,227,ごめん・なはり線,ゴメン・ナハリセン,土佐くろしお鉄道ごめん・なはり線,Gomen-Nahari Line,,,#32455C,2,GN,,,#A5AEB4,,,ROUND,,,0,99816
99817,228,ごめん線,ゴメンセン,土佐電鉄ごめん線,Gomen Line,,,#2A9A38,4,,,,,,,,,,0,99817
99818,228,伊野線,イノセン,土佐電鉄伊野線,Ino Line,,,#2A9A38,4,,,,,,,,,,0,99818
99819,228,桟橋線,サンバシセン,土佐電鉄桟橋線,Sambashi Line,,,#2A9A38,4,,,,,,,,,,0,99819
99901,229,甘木鉄道,アマギテツドウ,甘木鉄道,Amagi Railway,,,#D43A2A,2,,,,,,,,,,0,99901
99902,230,伊田線,イダセン,平成筑豊鉄道伊田線,Ida Line,,,#FF9900,2,HC,,,#FF9900,,,HALF_SQUARE,,,0,99902
99903,230,糸田線,イトダセン,平成筑豊鉄道糸田線,Itoda Line,,,#99CC00,2,HC,,,#FF9900,,,HALF_SQUARE,,,0,99903
99904,230,田川線,タガワセン,平成筑豊鉄道田川線,Tagawa Line,,,#4DBBFF,2,,,,,,,,,,0,99904
99928,230,門司港レトロ観光線,モジコウレトロカンコウセン,平成筑豊鉄道門司港レトロ観光線,Mojiko Retro Scenic Line,,,#476FC1,2,,,,,,,,,,0,99904
99905,231,福岡市営地下鉄空港線,フクオカシエイチカテツクウコウセン,福岡市営地下鉄空港線,Fukuoka City Subway Airport Line,,,#FFA500,3,K,,,#FFA500,,,ROUND,,,0,99905
99906,231,福岡市営地下鉄箱崎線,フクオカシエイチカテツハコザキセン,福岡市営地下鉄箱崎線,Fukuoka City Subway Hakozaki Line,,,#00BFFF,3,H,,,#00BFFF,,,ROUND,,,0,99906
99907,231,福岡市営地下鉄七隈線,フクオカシエイチカテツナナクマセン,福岡市営地下鉄七隈線,Fukuoka City Subway Nanakuma Line,,,#228B22,3,N,,,#228B22,,,ROUND,,,0,99907
99908,232,北九州モノレール,キタキュウシュウモノレール,北九州高速鉄道,Kitakyushu Monorail,,,#40BFE8,5,,,,,,,,,,0,99908
99909,233,筑豊電気鉄道線,チクホウデンキテツドウセン,筑豊電気鉄道線,Chikuho Electric Railroad Line,,,#E30075,2,CK,,,#E30075,,,HALF_SQUARE,,,0,99909
99910,234,西九州線,ニシキュウシュウセン,松浦鉄道西九州線,Nishi-Kyushu Line,,,#0080FF,2,,,,,,,,,,0,99910
99911,234,西九州線,ニシキュウシュウセン,松浦鉄道西九州線,Nishi-Kyushu Line,,,#0080FF,2,,,,,,,,,,0,99911
99912,235,島原鉄道線,シマバラテツドウセン,島原鉄道線,Shimabara Railway Line,,,#FEE633,2,,,,,,,,,,0,99912
99913,236,長崎電軌１系統,ナガサキデンキイチゴウケイトウ,長崎電軌１系統,Nagasaki Electric Tramway Route 1,,,#4243BE,4,,,,,,,,,,0,99913
99914,236,長崎電軌３系統,ナガサキデンキサンゴウケイトウ,長崎電軌３系統,Nagasaki Electric Tramway Route 3,,,#EF1731,4,,,,,,,,,,0,99914
99915,236,長崎電軌４系統,ナガサキデンキヨンゴウケイトウ,長崎電軌４系統,Nagasaki Electric Tramway Route 4,,,#FFCC00,4,,,,,,,,,,0,99915
99916,236,長崎電軌５系統,ナガサキデンキゴゴウケイトウ,長崎電軌５系統,Nagasaki Electric Tramway Route 5,,,#005A52,4,,,,,,,,,,0,99916
99917,237,熊本電鉄本線,クマモトデンテツホンセン,熊本電鉄本線,Kumamoto Electric Railway Main Line,,,#7B0D27,2,KD,,,#BE302C,,,SQUARE,,,0,99917
99918,237,熊本電鉄上熊本線,クマモトデンテツカミクマモトセン,熊本電鉄上熊本線,Kumamoto Electric Railway Kami-Kumamoto Line,,,#7B0D27,2,KD,,,#BE302C,,,SQUARE,,,0,99918
99919,238,高森線,タカモリセン,南阿蘇鉄道高森線,Takamori Line,,,#138068,2,,,,,,,,,,0,99919
99920,239,湯前線,ユノマエセン,くま川鉄道湯前線,Yunomae Line,,,#153C36,2,,,,,,,,,,0,99920
99921,240,肥薩おれんじ鉄道線,ヒサツオレンジテツドウセン,肥薩おれんじ鉄道線,Hisatsu Orange Railway,,,#FFA500,2,OR,,,#FFA500,,,ROUND,,,0,99921
99922,241,熊本市電Ａ系統,クマモトシデンエーライン,熊本市電Ａ系統,Kumamoto City Tram Route A,,,#FF0000,4,A,,,#FF0000,,,REVERSED_SQUARE,,,0,99922
99923,241,熊本市電Ｂ系統,クマモトシデンビーライン,熊本市電Ｂ系統,Kumamoto City Tram Route B,,,#0000FF,4,B,,,#0000FF,,,REVERSED_SQUARE,,,0,99923
99925,242,鹿児島市電１系統,カゴシマシデンイチケイトウ,鹿児島市電１系統,Kagoshima City Tram Route 1,,,#4243BE,4,I,,,#4243BE,,,REVERSED_ROUND,,,0,99925
99926,242,鹿児島市電２系統,カゴシマシデンニケイトウ,鹿児島市電２系統,Kagoshima City Tram Route 2,,,#EF1731,4,N,,,#EF1731,,,REVERSED_ROUND,,,0,99926
99927,243,ゆいレール,ユイレール,沖縄都市モノレール線,Yui Rail,,,#CC0000,5,,,,,,,MONOCHROME_ROUND,,,0,99927